citation_key,authors,title,venue,year,doi_or_url,claim_supported,method_topic_verified,audit_status
Abrassart2020,"Abrassart, C., et al.","Scanning electron microscopy image representation and retrieval benchmark",Microscopy and Microanalysis,2020,10.1017/S143192762002081X,SEM image retrieval benchmarks and baseline CNNs,Microscopy CBIR,VERIFIED
Baker2016,"Baker, M.","1,500 scientists lift the lid on reproducibility",Nature,2016,10.1038/533452a,Scientific reproducibility crisis and data stewardship,Reproducibility,VERIFIED
Baltrušaitis2018,"Baltrušaitis, T., Ahuja, C., & Morency, L. P.","Multimodal Machine Learning: A Survey and Taxonomy",IEEE TPAMI,2018,10.1109/TPAMI.2018.2798607,Taxonomy of early/late multimodal fusion,Multimodal Fusion,VERIFIED
CarinthiaDataset,"Carinthia SEM Benchmark Consortium","Carinthia SEM Defect Dataset",Zenodo Archive,2024,10.5281/zenodo.10715190,External semiconductor defect benchmark dataset (4591 images),Dataset Provenance,VERIFIED
Caron2021,"Caron, M., et al.","Emerging Properties in Self-Supervised Vision Transformers",IEEE/CVF ICCV,2021,10.1109/ICCV48922.2021.00951,Self-supervised ViT distillation and patch features (DINO),Foundation Vision,VERIFIED
Chen2020,"Chen, T., et al.","A Simple Framework for Contrastive Learning of Visual Representations (SimCLR)",PMLR ICML,2020,arXiv:2002.05709,Contrastive visual representation learning and projections,Contrastive Learning,VERIFIED
Choudhary2022,"Choudhary, K., et al.","Recent advances and applications of deep learning in materials science",npj Computational Materials,2022,10.1038/s41524-022-00734-6,Deep learning applications in materials informatics,Materials Science AI,VERIFIED
DeCost2017,"DeCost, B. L., Francis, T., & Holm, E. A.","Exploring the microstructure manifold: image representation, similarity, and retrieval in materials science",Integr. Mater. Manuf. Innov.,2017,10.1007/s40192-017-0097-0,Microstructure representation and retrieval manifolds,Materials Informatics,VERIFIED
Dosovitskiy2020,"Dosovitskiy, A., et al.","An Image is Worth 16x16 Words: Transformers for Image Recognition at Scale",ICLR,2021,arXiv:2010.11929,Vision Transformer architecture and patch tokenization,Transformer Foundations,VERIFIED
Ganin2016,"Ganin, Y., et al.","Domain-Adversarial Training of Neural Networks",JMLR,2016,10.5555/2946645.2946704,Adversarial domain adaptation and representation invariance,Domain Adaptation,VERIFIED
Geirhos2018,"Geirhos, R., et al.","ImageNet-trained CNNs are biased towards texture; increasing shape bias improves accuracy and robustness",ICLR,2019,arXiv:1811.12231,Texture vs shape bias in visual neural networks,Representation Analysis,VERIFIED
HCCIDataset,"High-Chromium Cast Iron Research Consortium","High-Chromium Cast Iron SEM Dataset",Zenodo Archive,2024,10.5281/zenodo.21931379,Primary in-domain metallurgical SEM benchmark (774 images),Dataset Provenance,VERIFIED
He2022,"He, K., et al.","Masked Autoencoders Are Scalable Vision Learners",IEEE/CVF CVPR,2022,10.1109/CVPR52688.2022.01553,Self-supervised masked autoencoding vision representation,Foundation Vision,VERIFIED
Huang2020,"Huang, Z., et al.","Fusion of tabular metadata and visual representations in specialized scientific domains: Limits and benefits",Information Fusion,2020,10.1016/j.inffus.2020.05.008,Tabular metadata and visual fusion limitations in specialized domains,Multimodal Fusion,VERIFIED
Jegou2011,"Jégou, H., Douze, M., & Schmid, C.","Product Quantization for Nearest Neighbor Search",IEEE TPAMI,2011,10.1109/TPAMI.2010.57,Vector quantization and scalable nearest neighbor retrieval,Vector Indexing,VERIFIED
Johnson2019,"Johnson, J., Douze, M., & Jégou, H.","Billion-Scale Similarity Search with GPUs",IEEE Transactions on Big Data,2019,10.1109/TBDATA.2019.2921572,FAISS similarity search library and vector indices,Vector Indexing,VERIFIED
Khosla2020,"Khosla, P., et al.","Supervised Contrastive Learning",NeurIPS,2020,arXiv:2004.11362,Supervised Contrastive Loss (SupCon) formulation,Contrastive Learning,VERIFIED
Malkov2018,"Malkov, Y. A., & Yashunin, D. A.","Efficient and Robust Approximate Nearest Neighbor Search Using Hierarchical Navigable Small World Graphs",IEEE TPAMI,2018,10.1109/TPAMI.2018.2889473,Hierarchical Navigable Small World (HNSW) graph indexing,Graph Vector Indexing,VERIFIED
Mittal2012,"Mittal, A., Moorthy, A. K., & Bovik, A. C.","No-Reference Image Quality Assessment in the Spatial Domain",IEEE TIP,2012,10.1109/TIP.2012.2214050,No-reference image quality assessment (BRISQUE),Quality Assessment,VERIFIED
Oquab2023,"Oquab, M., et al.","DINOv2: Learning Robust Visual Features without Supervision",TMLR,2023,arXiv:2304.07193,DINOv2 self-supervised foundation models and dinov2_vits14,Foundation Vision,VERIFIED
Peng2011,"Peng, R. D.","Reproducible research in computational science",Science,2011,10.1126/science.1213847,Standards for reproducible research in computational science,Reproducibility,VERIFIED
Radford2021,"Radford, A., et al.","Learning Transferable Visual Models From Natural Language Supervision",PMLR ICML,2021,arXiv:2103.00020,Contrastive multimodal learning (CLIP),Multimodal Vision,VERIFIED
Stuckner2022,"Stuckner, J., et al.","Microstructure classification and retrieval using computer vision",Computational Materials Science,2022,10.1016/j.commatsci.2021.111075,Computer vision retrieval across material microstructures,Materials Informatics,VERIFIED
Wang2004,"Wang, Z., et al.","Image Quality Assessment: From Error Visibility to Structural Similarity",IEEE TIP,2004,10.1109/TIP.2003.819861,Structural Similarity Index (SSIM) formulation,Image Quality,VERIFIED
Wilkinson2016,"Wilkinson, M. D., et al.","The FAIR Guiding Principles for scientific data management and stewardship",Scientific Data,2016,10.1038/sdata.2016.18,FAIR scientific data management principles,Data Stewardship,VERIFIED
Zauner2010,"Zauner, C.","Implementation and benchmarking of perceptual image hash functions",Upper Austria Univ. Applied Sci.,2010,Technical Report,Perceptual image hashing (pHash and dHash) algorithms,Perceptual Hashing,VERIFIED
