index_name,index_type,sample_count,dimension,nlist,nprobe,hnsw_m,ef_search,k,build_time_sec,save_time_sec,load_time_sec,index_size_mb,mean_latency_ms,median_latency_ms,p95_latency_ms,p99_latency_ms,qps,warmup_queries,repetitions,total_timed_queries
BruteForce_Reference,Exact_NumPy_Cosine,5365,384,,,,,10,0.0,0.0,0.0,7.8589,0.828,0.6371,1.6865,2.1158,1207.76,20,3,300
combined_IndexFlatIP,IndexFlatIP,5365,384,,,,,10,0.0125,0.0147,0.0494,8.0949,0.7348,0.6657,1.2816,1.6147,1360.95,20,3,300
combined_IVF_nl16_np1,IndexIVFFlat,5365,384,16.0,1.0,,,10,0.0613,0.0251,0.056,8.1595,0.2733,0.262,0.3188,0.4366,3658.63,20,3,300
combined_IVF_nl16_np4,IndexIVFFlat,5365,384,16.0,4.0,,,10,0.0524,0.0207,0.0569,8.1595,0.4172,0.4485,0.6394,0.79,2396.87,20,3,300
combined_IVF_nl16_np8,IndexIVFFlat,5365,384,16.0,8.0,,,10,0.0492,0.0252,0.0425,8.1595,0.521,0.3805,0.8781,1.1861,1919.21,20,3,300
combined_IVF_nl16_np16,IndexIVFFlat,5365,384,16.0,16.0,,,10,0.0485,0.0265,0.0558,8.1595,0.9315,0.7835,1.6071,2.0462,1073.55,20,3,300
combined_IVF_nl32_np1,IndexIVFFlat,5365,384,32.0,1.0,,,10,0.0613,0.0184,0.0433,8.183,0.2727,0.2639,0.3358,0.3904,3666.54,20,3,300
combined_IVF_nl32_np4,IndexIVFFlat,5365,384,32.0,4.0,,,10,0.0632,0.0259,0.0518,8.183,0.38,0.3878,0.5453,0.8296,2631.3,20,3,300
combined_IVF_nl32_np8,IndexIVFFlat,5365,384,32.0,8.0,,,10,0.0718,0.0265,0.0412,8.183,0.5644,0.5631,0.8439,0.979,1771.74,20,3,300
combined_IVF_nl32_np16,IndexIVFFlat,5365,384,32.0,16.0,,,10,0.0622,0.0257,0.0587,8.183,0.5426,0.4335,0.8965,1.0491,1842.96,20,3,300
combined_IVF_nl64_np1,IndexIVFFlat,5365,384,64.0,1.0,,,10,0.0827,0.0271,0.0555,8.2301,0.2734,0.2619,0.3378,0.4558,3658.22,20,3,300
combined_IVF_nl64_np4,IndexIVFFlat,5365,384,64.0,4.0,,,10,0.0846,0.0363,0.0569,8.2301,0.296,0.3097,0.3818,0.5149,3378.32,20,3,300
combined_IVF_nl64_np8,IndexIVFFlat,5365,384,64.0,8.0,,,10,0.0905,0.0279,0.0537,8.2301,0.3609,0.3812,0.5001,0.6231,2771.0,20,3,300
combined_IVF_nl64_np16,IndexIVFFlat,5365,384,64.0,16.0,,,10,0.1212,0.0317,0.0466,8.2301,0.6826,0.6622,0.8463,1.0145,1464.88,20,3,300
combined_HNSW_M16_ef16,IndexHNSWFlat,5365,384,,,16.0,16.0,10,0.2855,0.0312,0.0731,8.8316,0.3505,0.3186,0.5341,0.7035,2852.81,20,3,300
combined_HNSW_M16_ef32,IndexHNSWFlat,5365,384,,,16.0,32.0,10,0.272,0.0294,0.0639,8.8316,0.3691,0.3371,0.5685,0.6613,2709.01,20,3,300
combined_HNSW_M16_ef64,IndexHNSWFlat,5365,384,,,16.0,64.0,10,0.2726,0.0301,0.058,8.8316,0.4337,0.4067,0.6295,0.7854,2305.65,20,3,300
combined_HNSW_M16_ef128,IndexHNSWFlat,5365,384,,,16.0,128.0,10,0.2721,0.0296,0.0627,8.8316,0.5973,0.5658,0.7552,1.1311,1674.25,20,3,300
