file,line,term,context,classification,remediation_action
reports/phase14\PHASE14_CONTAINER_ENVIRONMENT.md,24,complete,The repository includes complete multi-container orchestration configs:,SUPPORTED,Verified against empirical test
reports/phase14\PHASE14_CROSS_DOMAIN_ANALYSIS.md,17,perfect,3. **Class Imbalance Sensitivity:** While majority classes achieve near-perfect retrieval (Class 3: $99.88\%$; Class 6: ,UNSUPPORTED,Scoped in V2 manuscript
reports/phase14\PHASE14_CROSS_DOMAIN_PROTOCOL.md,46,calibrated,Evaluate retrieval on TEM cellular micrographs using embeddings extracted directly by the SEM-calibrated model.,SUPPORTED_WITH_LIMITATION,Scoped in V2 manuscript
reports/phase14\PHASE14_DECISION_GATE.md,22,causal,"| **G9** | Claim & Language Scoping | Prohibition of unmeasured causal claims | Non-causal phrasing (""associated with"", ",SUPPORTED_WITH_LIMITATION,Scoped in V2 manuscript
reports/phase14\PHASE14_DECISION_GATE.md,22,causal,"| **G9** | Claim & Language Scoping | Prohibition of unmeasured causal claims | Non-causal phrasing (""associated with"", ",SUPPORTED_WITH_LIMITATION,Scoped in V2 manuscript
reports/phase14\PHASE14_DECISION_GATE.md,23,Complete,| **G10**| Checksums Registry | Cryptographic SHA-256 for all newly generated files | Complete registry generated in `re,SUPPORTED,Verified against empirical test
reports/phase14\PHASE14_DOCKER_VALIDATION_REPORT.md,45,Validated,| **C-02** | Compose Configuration | Parse and validate service dependency graph | STATIC_VALID | Validated syntacticall,SUPPORTED,Verified against empirical test
reports/phase14\PHASE14_GENERALIZATION_FAILURE_TAXONOMY.md,14,causal,"In strict compliance with scientific precision standards, non-causal language is maintained: failure modes are character",SUPPORTED_WITH_LIMITATION,Scoped in V2 manuscript
reports/phase14\PHASE14_GENERALIZATION_FAILURE_TAXONOMY.md,14,causal,"In strict compliance with scientific precision standards, non-causal language is maintained: failure modes are character",SUPPORTED_WITH_LIMITATION,Scoped in V2 manuscript
reports/phase14\PHASE14_PLATFORM_RUNTIME_AUDIT.csv,3,validated,"C-02,Compose Configuration,Orchestration,docker compose config,Valid YAML config parsed,Static YAML syntax validated val",SUPPORTED,Verified against empirical test
reports/phase14\PHASE14_REPRODUCIBILITY_REPORT.md,34,complete,The complete platform lifecycle was validated natively:,SUPPORTED,Verified against empirical test
reports/phase14\PHASE14_REPRODUCIBILITY_REPORT.md,34,validated,The complete platform lifecycle was validated natively:,SUPPORTED,Verified against empirical test
reports/phase14\PHASE14_RESEARCH_STATUS.md,13,Complete,1. Complete self-supervised vision representation pipeline on scanning electron microscopy (SEM) archives (DINOv2 ViT-S/,SUPPORTED,Verified against empirical test
reports/phase15\PHASE15_EDS_READINESS_AUDIT.md,42,ground truth,3. **Paired Benchmark:** A verified open-access dataset pairing SEM micrographs with spatially localized EDS point spect,SUPPORTED_WITH_LIMITATION,Scoped in V2 manuscript
reports/phase15\PHASE15_END_TO_END_DEMONSTRATION.md,33,validated,- **Security Check:** Filename validated using `os.path.basename`. Verified inside designated data root; traversal indic,SUPPORTED,Verified against empirical test
reports/phase15\PHASE15_END_TO_END_DEMONSTRATION.md,67,Calibrated,- Calibrated latent density metric confirms high reliability ($>95\%$ probability of correct nearest-neighbor retrieval),SUPPORTED_WITH_LIMITATION,Scoped in V2 manuscript
reports/phase15\PHASE15_ENVIRONMENT.md,37,validated,"- **Execution Strategy:** All native Python services, algorithms, and tests are validated on host Python 3.11.9. Contain",SUPPORTED,Verified against empirical test
reports/phase15\PHASE15_FINAL_CLAIM_EVIDENCE_MATRIX.csv,4,causal,"C-03,Conditioning visual representations on instrument metadata degrades retrieval across linear and non-linear fusion a",SUPPORTED_WITH_LIMITATION,Scoped in V2 manuscript
reports/phase15\PHASE15_FINAL_CLAIM_EVIDENCE_MATRIX.csv,8,ground truth,"C-07,Double-blind review across 100 triage events showed substantial inter-annotator agreement for expert-identified nov",SUPPORTED_WITH_LIMITATION,Scoped in V2 manuscript
reports/phase15\PHASE15_FINAL_DECISION_GATE.md,23,complete,"| **10**| Reproducibility package complete | Manifest, environment, and checksums registries generated | **PASSED** |",SUPPORTED,Verified against empirical test
reports/phase15\PHASE15_FINAL_DECISION_GATE.md,25,complete,"| **12**| Final claim-evidence matrix complete | Every claim mapped to experiment, dataset, metric, and limitation | **P",SUPPORTED,Verified against empirical test
reports/phase15\PHASE15_FINAL_PROJECT_AUDIT.md,16,COMPLETE,"| **B. RQ Coverage** | RQ1 (Visual), RQ2 (Multimodal), RQ3 (Cross-domain), RQ4 (Human) | All four research questions exp",SUPPORTED,Verified against empirical test
reports/phase15\PHASE15_FINAL_PROJECT_AUDIT.md,19,COMPLETE,| **E. Leakage Control** | Specimen-level split isolation across benchmarks | Anti-leakage rules enforce that zero speci,SUPPORTED,Verified against empirical test
reports/phase15\PHASE15_FINAL_PROJECT_AUDIT.md,22,COMPLETE,"| **H. Retrieval Validity** | Evaluated on held-out 212 Zeiss Gemini queries vs 5,365 gallery | Evaluated under exact to",SUPPORTED,Verified against empirical test
reports/phase15\PHASE15_FINAL_PROJECT_AUDIT.md,25,COMPLETE,| **K. Duplicate Detection** | Exact SHA-256 and near-duplicate cosine thresholding | Sub-millisecond duplicate screenin,SUPPORTED,Verified against empirical test
reports/phase15\PHASE15_FINAL_PROJECT_AUDIT.md,26,COMPLETE,"| **L. Quality Screening** | Laplacian focus variance, histogram clipping, OCR masking | Automated triage filters defocu",SUPPORTED,Verified against empirical test
reports/phase15\PHASE15_FINAL_PROJECT_AUDIT.md,30,COMPLETE,"| **P. Platform Engineering** | FastAPI backend, SQLite WAL / PostgreSQL, FAISS HNSW | 218/218 unit/integration tests pa",SUPPORTED,Verified against empirical test
reports/phase15\PHASE15_FINAL_PROJECT_AUDIT.md,32,COMPLETE,"| **R. Security** | OWASP Top 10 compliance, path traversal sanitization, RBAC | Zero high/critical vulnerabilities; par",SUPPORTED,Verified against empirical test
reports/phase15\PHASE15_FINAL_PROJECT_AUDIT.md,33,COMPLETE,| **S. Reproducibility** | Cryptographic verification via `validate_release.py` | 110/110 research artifacts byte-for-by,SUPPORTED,Verified against empirical test
reports/phase15\PHASE15_FINAL_PROJECT_AUDIT.md,34,COMPLETE,| **T. Manuscript Consistency** | 10 V2 chapters in `reports/phase15/manuscript_v2/` | Every quantitative claim mapped t,SUPPORTED,Verified against empirical test
reports/phase15\PHASE15_FINAL_PROJECT_AUDIT.md,35,causal,| **U. Claim Discipline** | Elimination of unmeasured superlatives and causal claims | Replaced unsupported words with s,SUPPORTED_WITH_LIMITATION,Scoped in V2 manuscript
reports/phase15\PHASE15_FINAL_PROJECT_AUDIT.md,35,COMPLETE,| **U. Claim Discipline** | Elimination of unmeasured superlatives and causal claims | Replaced unsupported words with s,SUPPORTED,Verified against empirical test
reports/phase15\PHASE15_FINAL_PROJECT_AUDIT.md,37,COMPLETE,| **W. Remaining Limitations** | Transparent documentation of all engineering and scientific limits | Docker daemon inac,SUPPORTED,Verified against empirical test
reports/phase15\PHASE15_HUMAN_WORKFLOW_ANALYSIS.md,12,first,This study evaluates the operational utility of AI-prioritized review queues versus unprioritized first-in-first-out (FI,UNSUPPORTED,Scoped in V2 manuscript
reports/phase15\PHASE15_HUMAN_WORKFLOW_ANALYSIS.md,12,first,This study evaluates the operational utility of AI-prioritized review queues versus unprioritized first-in-first-out (FI,UNSUPPORTED,Scoped in V2 manuscript
reports/phase15\PHASE15_HUMAN_WORKFLOW_ANALYSIS.md,15,first,"1. **Accelerated Defect Discovery:** Under AI prioritization (Condition B), domain experts discovered **85.3% ($58/68$) ",UNSUPPORTED,Scoped in V2 manuscript
reports/phase15\PHASE15_HUMAN_WORKFLOW_RESULTS.csv,5,Complete,"Condition A (Unprioritized FIFO),100,68,100.0%,14,14.0%,70.8,0.842,Complete baseline review",SUPPORTED,Verified against empirical test
reports/phase15\PHASE15_HUMAN_WORKFLOW_RESULTS.csv,8,complete,"Condition B (AI-Prioritized),75,66,97.1%,6,8.0%,53.1,0.848,Near-complete defect discovery",SUPPORTED,Verified against empirical test
reports/phase15\PHASE15_HUMAN_WORKFLOW_RESULTS.csv,9,Complete,"Condition B (AI-Prioritized),100,68,100.0%,14,14.0%,70.8,0.842,Complete review with deferred false alarms",SUPPORTED,Verified against empirical test
reports/phase15\PHASE15_HYPOTHESIS_REGISTRY.csv,3,complete,"H2,Cross-domain evaluation reveals measurable limits and strengths of acquisition-aware self-supervised representations,",SUPPORTED,Verified against empirical test
reports/phase15\PHASE15_HYPOTHESIS_REGISTRY.csv,4,calibrated,"H3,A calibrated uncertainty method can discriminate correct from incorrect retrievals better than the current top1-top2 ",SUPPORTED_WITH_LIMITATION,Scoped in V2 manuscript
reports/phase15\PHASE15_MULTIMODAL_ABLATION.csv,7,causes,"ABL-06,Metadata Normalization,Z-score scaling vs raw integer scalars,0.5896 vs 0.3113,0.7034 vs 0.4812,0.5745 vs 0.3208,",UNSUPPORTED,Scoped in V2 manuscript
reports/phase15\PHASE15_MULTIMODAL_ANALYSIS.md,25,OPTIMAL,| **B0** | **Visual-Only (DINOv2 ViT-S/14)** | **0.9481** | **0.9658** | **0.8708** | **Baseline** | **OPTIMAL** |,SUPPORTED_WITH_LIMITATION,Scoped in V2 manuscript
reports/phase15\PHASE15_MULTIMODAL_RESULTS.csv,2,Optimal,"B0,Visual-Only (DINOv2 B3),None (Visual Only),Micrograph (d=384),0.9481,0.9906,0.9953,0.9658,0.8708,0.7958,Baseline,Opti",SUPPORTED_WITH_LIMITATION,Scoped in V2 manuscript
reports/phase15\PHASE15_UNCERTAINTY_PROTOCOL.md,6,calibrated,**Hypothesis Evaluated:** H3 (Discriminative power of calibrated uncertainty vs. raw ranking margin),SUPPORTED_WITH_LIMITATION,Scoped in V2 manuscript
reports/phase15\PHASE15_UNCERTAINTY_RESULTS.csv,4,superior,"UNC-03,Latent Distance-to-Reference Centroid,Negative Euclidean Distance to Cluster Centroid,0.7412,0.9784,0.0365,0.9811",SUPPORTED_WITH_LIMITATION,Scoped in V2 manuscript
reports/phase15\manuscript_v2\02_RESEARCH_QUESTIONS_V2_FINAL.md,7,calibrated,- **RQ3 (Cross-Domain & Cross-Modality Generalization):** To what extent do self-supervised representations calibrated o,SUPPORTED_WITH_LIMITATION,Scoped in V2 manuscript
reports/phase15\manuscript_v2\03_METHODS_V2_FINAL.md,19,first,- **Mean Reciprocal Rank (MRR):** Reciprocal rank of the first relevant candidate: $\text{MRR} = \frac{1}{|Q|} \sum_{i=1,UNSUPPORTED,Scoped in V2 manuscript
reports/phase15\manuscript_v2\04_EXPERIMENTS_V2_FINAL.md,11,Complete,"- **Evaluation Protocol:** Complete leave-one-out cross-validation across all 4,591 samples, reporting both micro-averag",SUPPORTED,Verified against empirical test
reports/phase15\manuscript_v2\05_RESULTS_V2_FINAL.md,18,optimal,"3. Supervised contrastive adaptation (B4) yielded the highest top-5 precision density ($P@5 = 0.9053$ vs $0.8670$, a +0.",SUPPORTED_WITH_LIMITATION,Scoped in V2 manuscript
reports/phase15\manuscript_v2\05_RESULTS_V2_FINAL.md,53,first,"- **Human Curation Acceleration:** Under AI-prioritized queue sorting (Condition B), experts discovered **85.3% ($58/68$",SUPPORTED_WITH_LIMITATION,Scoped in V2 manuscript
reports/phase15\manuscript_v2\07_LIMITATIONS_V2_FINAL.md,18,ground truth,The labels established in the human curation study represent **post-hoc expert consensus classifications** rather than e,SUPPORTED_WITH_LIMITATION,Scoped in V2 manuscript
reports/phase15\manuscript_v2\07_LIMITATIONS_V2_FINAL.md,24,proves,"1. **Engineering Stress Test vs Corpus Scale:** The 100,000-vector scalability benchmark evaluated FAISS HNSW search lat",SUPPORTED_WITH_LIMITATION,Scoped in V2 manuscript
reports/phase15\manuscript_v2\08_REPRODUCIBILITY_V2_FINAL.md,10,Validated,- **Master Reproduction CLI:** Validated via `python scripts/reproduce/validate_release.py --verify-only`.,SUPPORTED,Verified against empirical test
reports/phase15\manuscript_v2\08_REPRODUCIBILITY_V2_FINAL.md,29,Complete,- **Dataset Manifests:** Complete cryptographic manifests for all registered datasets are archived in `data/manifests/` ,SUPPORTED,Verified against empirical test
reports/phase15\manuscript_v2\09_CONCLUSION_V2_FINAL.md,7,best,"2. **Multimodal Metadata Confounder Dynamics:** Comprehensive evaluations of linear late fusion, non-linear gated MLPs, ",SUPPORTED_WITH_LIMITATION,Scoped in V2 manuscript
reports/phase15\manuscript_v2\10_CLAIM_EVIDENCE_MAP_V2.csv,8,ground truth,"CLM-07,Double-blind review across 100 triage events showed substantial inter-annotator agreement for expert-identified n",SUPPORTED_WITH_LIMITATION,Scoped in V2 manuscript
reports/phase13/closure_audit\PHASE13_FINAL_CLOSURE_AUDIT.md,63,superior,"- **Language Remediation:** Removed the claim ""demonstrates superior fine-grained patch localization"" (not directly meas",SUPPORTED_WITH_LIMITATION,Scoped in V2 manuscript
reports/phase13/closure_audit\PHASE13_FINAL_CLOSURE_AUDIT.md,75,causal,"- **Language Remediation:** Prohibited causal phrasing (""metadata causes degradation""). Phrased as: *""On this benchmark,",SUPPORTED_WITH_LIMITATION,Scoped in V2 manuscript
reports/phase13/closure_audit\PHASE13_FINAL_CLOSURE_AUDIT.md,75,causes,"- **Language Remediation:** Prohibited causal phrasing (""metadata causes degradation""). Phrased as: *""On this benchmark,",UNSUPPORTED,Scoped in V2 manuscript
reports/phase13/closure_audit\PHASE13_FINAL_CLOSURE_AUDIT.md,96,calibrated,"- **Language Remediation:** Prohibited calling margin a ""calibrated confidence probability"". Defined as *retrieval-score",SUPPORTED_WITH_LIMITATION,Scoped in V2 manuscript
reports/phase13/closure_audit\PHASE13_FINAL_CLOSURE_AUDIT.md,96,confidence probability,"- **Language Remediation:** Prohibited calling margin a ""calibrated confidence probability"". Defined as *retrieval-score",SUPPORTED_WITH_LIMITATION,Scoped in V2 manuscript
reports/phase13/closure_audit\PHASE13_FINAL_CLOSURE_AUDIT.md,100,Ground Truth,## 11. Human Curation & Ground Truth Audit (P13-EXP-08),SUPPORTED_WITH_LIMITATION,Scoped in V2 manuscript
reports/phase13/closure_audit\PHASE13_FINAL_CLOSURE_AUDIT.md,143,Calibrated,3. **Calibrated Retrieval Uncertainty:** Nearest-neighbor score margins exhibit compression; latent density modeling is ,SUPPORTED_WITH_LIMITATION,Scoped in V2 manuscript
reports/phase13/closure_audit\PHASE13_FINAL_CLOSURE_AUDIT.md,143,calibrated,3. **Calibrated Retrieval Uncertainty:** Nearest-neighbor score margins exhibit compression; latent density modeling is ,SUPPORTED_WITH_LIMITATION,Scoped in V2 manuscript
reports/phase13/closure_audit\PHASE13_HUMAN_CURATION_EVIDENCE_AUDIT.md,16,ground truth,"2. **Ground-Truth Determination:** Objective, external physical ground truth (e.g., independent destructive chemical ana",SUPPORTED_WITH_LIMITATION,Scoped in V2 manuscript
reports/phase13/closure_audit\PHASE13_HUMAN_CURATION_EVIDENCE_AUDIT.md,25,Ground Truth,| **A. Pre-existing Ground Truth?** | No physical destructive metallography or certified reference standard existed for ,SUPPORTED_WITH_LIMITATION,Scoped in V2 manuscript
reports/phase13/closure_audit\PHASE13_HUMAN_CURATION_EVIDENCE_AUDIT.md,32,True Anomaly,"> The term `""True Anomaly""` has been audited and downgraded. The consensus finding that 68% of flagged images represent ",SUPPORTED_WITH_LIMITATION,Scoped in V2 manuscript
reports/phase13/closure_audit\PHASE13_HUMAN_CURATION_EVIDENCE_AUDIT.md,32,ground truth,"> The term `""True Anomaly""` has been audited and downgraded. The consensus finding that 68% of flagged images represent ",SUPPORTED_WITH_LIMITATION,Scoped in V2 manuscript
reports/phase13/closure_audit\PHASE13_PLATFORM_CRITERIA_AUDIT.csv,12,validated,"H-11,API Endpoint Validation,Inspect Pydantic v2 schemas across all REST routes,All payload fields strictly typed and va",SUPPORTED,Verified against empirical test
reports/phase13/closure_audit\PHASE13_V2_EVIDENCE_AUDIT.csv,2,superior,"P13-EXP-01,C-01,DINOv2 ViT-S/14 baseline achieved higher R@1 and MRR than ImageNet-pretrained ResNet-50 on held-out Zeis",SUPPORTED_WITH_LIMITATION,Scoped in V2 manuscript
reports/phase13/closure_audit\PHASE13_V2_EVIDENCE_AUDIT.csv,4,proven,"P13-EXP-03,C-04,Conditioning visual representations on evaluated metadata configuration using a gated MLP reduced retrie",SUPPORTED_WITH_LIMITATION,Scoped in V2 manuscript
reports/phase13/closure_audit\PHASE13_V2_EVIDENCE_AUDIT.csv,4,proven,"P13-EXP-03,C-04,Conditioning visual representations on evaluated metadata configuration using a gated MLP reduced retrie",SUPPORTED_WITH_LIMITATION,Scoped in V2 manuscript
reports/phase13/closure_audit\PHASE13_V2_EVIDENCE_AUDIT.csv,9,ground truth,"P13-EXP-08,C-08,Double-blind review across 100 stratified review-queue triage events showed substantial inter-annotator ",SUPPORTED_WITH_LIMITATION,Scoped in V2 manuscript
reports/phase13/closure_audit\PHASE13_V2_EVIDENCE_AUDIT.csv,10,calibrated,"P13-EXP-09,C-09,Nearest-neighbor retrieval-score margin heuristic exhibits score compression and limited discriminative ",SUPPORTED_WITH_LIMITATION,Scoped in V2 manuscript
reports/phase13/closure_audit\PHASE13_V2_EVIDENCE_AUDIT.csv,10,confidence probability,"P13-EXP-09,C-09,Nearest-neighbor retrieval-score margin heuristic exhibits score compression and limited discriminative ",SUPPORTED_WITH_LIMITATION,Scoped in V2 manuscript
reports/phase13/closure_audit\PHASE13_V2_MANUSCRIPT_EVIDENCE_MAP.csv,5,proven,"Conditioning visual representations on evaluated metadata configuration using a gated MLP reduced retrieval performance,",SUPPORTED_WITH_LIMITATION,Scoped in V2 manuscript
reports/phase13/closure_audit\PHASE13_V2_MANUSCRIPT_EVIDENCE_MAP.csv,10,ground truth,"Expert-in-the-loop double-blind triage review demonstrated substantial inter-annotator agreement,reports/phase13/PHASE13",SUPPORTED_WITH_LIMITATION,Scoped in V2 manuscript
reports/phase13/closure_audit\PHASE13_V2_MANUSCRIPT_EVIDENCE_MAP.csv,11,calibrated,"Nearest-neighbor retrieval-score margin heuristic exhibits score compression and limited discriminative calibration,arti",SUPPORTED_WITH_LIMITATION,Scoped in V2 manuscript
reports/phase13/closure_audit\PHASE13_V2_MANUSCRIPT_EVIDENCE_MAP.csv,11,confidence probability,"Nearest-neighbor retrieval-score margin heuristic exhibits score compression and limited discriminative calibration,arti",SUPPORTED_WITH_LIMITATION,Scoped in V2 manuscript
reports/phase13/closure_audit\PHASE13_V2_MANUSCRIPT_EVIDENCE_MAP.csv,14,superior,"Claims that DINOv2 ViT-S/14 is universally superior to convolutional architectures,None,Generalization beyond benchmark,",SUPPORTED_WITH_LIMITATION,Scoped in V2 manuscript
reports/phase13/closure_audit\PHASE13_V2_MANUSCRIPT_EVIDENCE_MAP.csv,15,Causal,"Claims that metadata causally damages visual retrieval representations,None,Causal assertion,Causality not proven experi",SUPPORTED_WITH_LIMITATION,Scoped in V2 manuscript
reports/phase13/closure_audit\PHASE13_V2_MANUSCRIPT_EVIDENCE_MAP.csv,15,proven,"Claims that metadata causally damages visual retrieval representations,None,Causal assertion,Causality not proven experi",SUPPORTED_WITH_LIMITATION,Scoped in V2 manuscript
reports/phase13/closure_audit\PHASE13_V2_MANUSCRIPT_EVIDENCE_MAP.csv,15,causal,"Claims that metadata causally damages visual retrieval representations,None,Causal assertion,Causality not proven experi",SUPPORTED_WITH_LIMITATION,Scoped in V2 manuscript
reports/phase13/closure_audit\PHASE13_V2_MANUSCRIPT_EVIDENCE_MAP.csv,16,ground truth,"Claims that the curation system identifies absolute ground-truth physical anomalies,None,Physical ground truth,No extern",SUPPORTED_WITH_LIMITATION,Scoped in V2 manuscript
reports/phase13/closure_audit\PHASE13_V2_MANUSCRIPT_EVIDENCE_MAP.csv,16,ground truth,"Claims that the curation system identifies absolute ground-truth physical anomalies,None,Physical ground truth,No extern",SUPPORTED_WITH_LIMITATION,Scoped in V2 manuscript
