claim_id,dimension,claim_statement,status,quantitative_metric,authoritative_source_artifact,documented_limitation
CLAIM-01,Foundation Representation,DINOv2 ViT-S/14 achieves superior zero-shot retrieval on SEM micrographs,SUPPORTED,"R@1=0.9481, MRR=0.9658, P@5=0.8708",experiments/phase3/results/phase3_representation_benchmark_metrics.json,Pretrained frozen backbone; ResNet/CLIP comparisons are descriptive-only
CLAIM-02,Acquisition Bias Mitigation,SupCon projection reduces accelerating voltage acquisition bias gap,SUPPORTED,"Gap reduced 68.15% (0.0543 to 0.0173, p=1.42e-12); P@5=0.9053",data/processed/phase4/training_summary.json,Scoped to same-specimen pairs; minor R@1 trade-off (0.9418 multi-seed)
CLAIM-03,Sub-Millisecond Search,FAISS HNSW provides sub-millisecond query latency with 100% Recall@10,SUPPORTED,0.096 ms (5k) to 0.317 ms (100k),reports/phase3/latency_benchmark.csv,Evaluated on host workstation with synthetic vector scaling
CLAIM-04,Metadata Paradox,Unnormalized instrument metadata yields poor retrieval and early neural fusion degrades visual precision,SUPPORTED,Metadata-alone MRR=0.3443; Cross-Attn MRR=0.6132 vs Visual 0.9658,reports/phase9/PHASE9_FINAL_MRR_VERIFICATION_REPORT.md,Refutes multimodal superiority hypothesis H1; resolved via decoupled filtering
CLAIM-05,Defocus Quality Screening,Tenengrad gradient energy detects optical defocus reference-free,SUPPORTED,"AUROC=0.8803, AUPRC=0.9618",artifacts/phase6/curation_summary.json,Evaluated on calibrated SEM focus sweeps
CLAIM-06,Duplicate Cascade,Two-stage pHash and cosine cascade detects redundant acquisitions,SUPPORTED,0 exact duplicates on HCCI (769 natural clusters); 0.9810 F1 on perturbations,artifacts/phase6/curation_summary.json,Threshold tau=0.95 identifies adjacent FOVs
CLAIM-07,External Zero-Shot Transfer,DINOv2 transfers zero-shot to external defect SEM,SUPPORTED_WITH_LIMITATIONS,"Micro R@1=0.9952 (4,569/4,591), Macro R@1=0.9090, MRR=0.9961",reports/phase14/PHASE14_CROSS_DOMAIN_RESULTS.csv,Class imbalance skew; minority classes lower; CLIP/ResNet descriptive only
CLAIM-08,Distribution Shift Quantification,MMD^2 reliably quantifies cross-instrument and cross-domain divergence,SUPPORTED,Carinthia MMD^2=0.3842; Nanoscience=0.3120; TEM=0.5410 (p=0.0001),reports/phase19/PHASE19_EXPERIMENT_REGISTRY.json,Validates distinct physical microscopy domains produce separable embeddings
CLAIM-09,Latent Novelty Screening,Continuous Euclidean distance D_ref separates in-domain from external specimens,SUPPORTED_WITH_LIMITATIONS,Mean D_ref: In-Domain 0.2410 vs External 0.5120 (2.12x separation ratio; AUROC=0.8910),reports/final_closure/P19_UNCERTAINTY_CALIBRATION_AUDIT.md,Continuous distance signal; not calibrated posterior probability
CLAIM-10,Human Curation Triage,Active queue triage yields high curator actionability and inter-rater agreement,SUPPORTED,Yield=91.67% (110/120 confirmed); Cohen's kappa=0.8420; workload reduction=41.2%,reports/final_closure/P19_HUMAN_VALIDATION_PROTOCOL_AUDIT.md,Double-blinded review; zero test label leakage
CLAIM-11,Host Throughput & Robustness,Serving tier achieves high throughput and zero error rate under stress,SUPPORTED_WITH_LIMITATIONS,Peak throughput 67.61 req/s (0/600 errors); Ingestion: 14.80 img/s,reports/final_closure/PHASE18_LOAD_TEST_REPORT.md,Controlled host-side TestClient execution; live cloud deployment not executed
CLAIM-12,Operational Disaster Recovery,Platform database snapshot restore complies with strict RTO,SUPPORTED,Cold restore completed in 0.0077 s with 100% SHA-256 match,reports/phase18/PHASE18_DEPLOYMENT_EVIDENCE/backup_restore_timing.json,Tested on SQLite platform database on host storage
CLAIM-13,Access Control Security,Role-Based Access Control enforces strict privilege separation,SUPPORTED,5/5 RBAC authorization and tampering tests passed,reports/phase18/PHASE18_SECURITY_AUDIT.md,"Validated across reader, curator, analyst, admin, auditor roles"
CLAIM-14,Cloud Deployment Readiness,"Cloud IaC blueprints (Terraform, Kubernetes) verified statically",NOT_EXECUTED,N/A (IaC verified offline; live cluster not provisioned),reports/phase18/PHASE18_INFRASTRUCTURE_SPEC.md,LIMITATION: CLOUD_DEPLOYMENT_NOT_EXECUTED
CLAIM-15,Docker Runtime Execution,Docker multi-stage container specs validated statically,NOT_EXECUTED,N/A (Container specs verified; live daemon not running),reports/phase18/PHASE18_DOCKER_RUNTIME_REPORT.md,LIMITATION: DOCKER_RUNTIME_NOT_EXECUTED
CLAIM-16,Physical EDS Hardware Coupling,Synthetic spectral stubs validate multi-sensor API schemas,NOT_EXECUTED,N/A (Simulated EDS spectra only; no physical spectrometer),reports/phase17/PHASE17_INTELLIGENCE_VALIDATION_REPORT.md,LIMITATION: PHYSICAL_EDS_VALIDATION_NOT_EXECUTED
