risk_id,scientific_question,reviewer_concern,existing_evidence,missing_evidence,proposed_experiment,priority,cost,expected_information_gain,dependency,status
R1,How does DINOv2 compare with supervised CNN baselines?,Reviewer A questions whether a standard supervised ResNet-50 baseline on ImageNet would match or exceed DINOv2 on SEM retrieval.,Compared against pHash and dHash; zero-shot DINOv2 achieves R@1=0.9819.,No direct comparison with supervised CNN features (ResNet-50) on HCCI retrieval benchmark.,P13-EXP-01: Benchmark ImageNet-pretrained ResNet-50 on held-out Zeiss test set under identical protocol.,HIGH,LOW,CRITICAL,None,READY_FOR_EXECUTION
R2,Does acquisition-aware adaptation improve generalization beyond current HCCI setting?,Reviewer B challenges whether the contrastive adapter overfits to cast iron alloy microstructures.,SupCon adapter reduces gap by 68.15% on HCCI and improves Zeiss P@5 by +0.0345 (p=0.0028).,Empirical evaluation on non-ferrous multi-alloy or cross-material datasets.,P13-EXP-02: Zero-shot evaluation of adapted representations on external multi-alloy/material archives.,MEDIUM,MEDIUM,HIGH,R1,READY_FOR_EXECUTION
R3,Does multimodal fusion actually help if simple late fusion does not?,Reviewer A argues late linear score fusion was too simplistic to capture non-linear visual-metadata synergies.,Phase 5 negative result proves late linear fusion has Delta R@1=0.0000 (alpha*=1.0).,Empirical evaluation of learned non-linear fusion (gated MLP / cross-attention).,P13-EXP-03: Train and evaluate a non-linear gated MLP multimodal fusion head on HCCI.,HIGH,MEDIUM,CRITICAL,None,READY_FOR_EXECUTION
R4,Does the representation transfer to genuinely different microscopy domains?,Reviewer B asks if foundation representations work on semiconductor defects without retraining.,Centroid cosine distance = 0.5842; zero-shot Micro-Recall@1 = 0.9952 on Carinthia.,Comprehensive cross-domain compatibility and cross-domain retrieval matrix across multiple archives.,P13-EXP-04: Evaluate cross-domain compatibility and retrieval matrix across HCCI and Carinthia.,HIGH,LOW,HIGH,None,READY_FOR_EXECUTION
R5,Are retrieval metrics stable under different query definitions?,Reviewer A asks if retrieval metrics are sensitive to positive-pair sampling variations.,Bootstrap CIs (B=1000) and paired t-tests reported on canonical same-specimen cross-acquisition protocol.,Sensitivity analysis across varying K thresholds and query stratification.,P13-EXP-05: Query perturbation and ranking stability evaluation across metric thresholds.,MEDIUM,LOW,MEDIUM,None,READY_FOR_EXECUTION
R6,How sensitive are results to resolution preprocessing and scale-bar artifacts?,Reviewer B notes that micrographs often contain burned-in scale bars and varying resolutions.,Deterministic 224x224 bicubic resizing with antialiasing applied uniformly.,Quantified degradation curves under crop, noise, blur, compression, and scale-bar masking.,P13-EXP-06: Controlled image perturbation and robustness benchmark across 5 noise/artifact conditions.,HIGH,LOW,HIGH,None,READY_FOR_EXECUTION
R7,How useful are algorithmic curation recommendations to human researchers?,Reviewer C notes that human-in-the-loop efficiency is currently supported by computational simulation.,Review queue surfaces 100% of candidate risks in top-25 budget; 769 KEEP and 5 REVIEW identified.,Empirical inter-rater agreement and curator validation study with human consensus metrics.,P13-EXP-07: Design and execute formal human-curation validation protocol with inter-rater statistics.,HIGH,MEDIUM,HIGH,None,READY_FOR_EXECUTION
R8,How does the platform behave at larger corpus sizes?,Reviewer C notes FAISS benchmark was evaluated on N=5365 embeddings.,Flat search takes 0.7348 ms; HNSW takes 0.3691 ms (1.99x speedup, 0.9998 recall retention).,Empirical scalability curves at N=10K 25K 50K 100K vectors on host hardware.,P13-EXP-08: Engineering stress test evaluating indexing time memory and latency up to N=100K.,MEDIUM,MEDIUM,HIGH,None,READY_FOR_EXECUTION
R9,Which failure modes remain?,Reviewers request qualitative and diagnostic failure analysis of false nearest neighbors.,Aggregate metrics reported; 5 duplicate review pairs identified in Phase 6.,Granular case-by-case taxonomy of false nearest neighbors and missed positives.,P13-EXP-09: Diagnostic failure taxonomy cataloging optical confusion cases and detector boundaries.,HIGH,LOW,CRITICAL,None,READY_FOR_EXECUTION
R10,Can the platform support reproducible scientific workflows under operational conditions?,Reviewer C flags that Docker runtime execution was designated as unexecuted during Phase 11/12 audit.,218/218 automated unit and platform tests passed under host Python 3.11 with L_inf<1e-6 parity.,Complete platform hardening audit, security verification, and Docker runtime execution check.,P13-EXP-10: Systematic platform hardening and security vulnerability audit across 15 failure dimensions.,HIGH,LOW,HIGH,None,READY_FOR_EXECUTION
