claim_id,scientific_claim_statement,manuscript_v1_location,authoritative_source_artifact,empirical_evidence_value,boundary_condition_limitation,verification_status
C-01,DINOv2 ViT-S/14 baseline outperforms supervised ResNet-50 on microscopy retrieval,Section 4.2 / Table 2,artifacts/phase13/resnet50_benchmark_results.json,DINOv2 R@1=0.9481 vs ResNet-50 R@1=0.9245 (+0.0236),Valid on Zeiss SEM domain; ResNet-50 remains strong at R@5=1.0,VERIFIED
C-02,Supervised contrastive adaptation B4 delivers highest precision at rank 5 (P@5),Section 4.3 / Table 3,artifacts/phase13/resnet50_benchmark_results.json,B4 P@5=0.9053 vs ResNet-50 P@5=0.8670 (+0.0383),Requires labeled domain classes for contrastive fine-tuning,VERIFIED
C-03,Late linear multimodal fusion degrades retrieval accuracy vs visual-only,Section 5.1 / Table 4,artifacts/phase5/phase5_hybrid_metadata_retrieval_001.json,Late fusion R@1=0.6274 vs Visual R@1=0.9481 (-0.3207),Evaluated on standardized acquisition metadata features,VERIFIED
C-04,Non-linear gated MLP multimodal fusion also fails to surpass visual-only representations,Section 5.2 / Phase 13,artifacts/phase13/nonlinear_fusion_results.json,Gated MLP R@1=0.5896 vs Visual R@1=0.9481 (-0.3522),Confirms multimodal degradation is not an artifact of linearity,VERIFIED_NEGATIVE_RESULT
C-05,Severe defocus blur degrades zero-shot retrieval to below 50% relative retention,Section 6.1 / Phase 13,artifacts/phase13/robustness_benchmark_results.json,Defocus blur R@1=0.4528 (48% retention vs clean 0.9434),Highlights critical need for Phase 6 Laplacian blur triage,VERIFIED
C-06,Scale-bar overlays and JPEG compression are well tolerated by patch tokenization,Section 6.2 / Phase 13,artifacts/phase13/robustness_benchmark_results.json,JPEG-50 R@1=0.9057 (96%); Scale-bar R@1=0.8491 (90%),ViT patch attention localizes artifacts to peripheral tokens,VERIFIED
C-07,FAISS HNSW maintains sub-millisecond retrieval latency at 100K scale,Section 7.1 / Phase 13,artifacts/phase13/scaling_benchmark_results.json,HNSW query latency=0.3169ms at N=100K (15.64x speedup vs Flat),Evaluated on 384-dimensional float32 vectors on CPU,VERIFIED
C-08,Expert human curation achieves substantial inter-annotator agreement,Section 7.3 / Phase 13,reports/phase13/PHASE13_HUMAN_CURATION_RESULTS.md,Cohen's Kappa=0.842; 91.0% raw consensus agreement,Evaluated across 100 stratified review queue edge cases,VERIFIED
C-09,Score margin alone provides limited discriminative calibration in dense ViT space,Section 8.2 / Phase 13,artifacts/phase13/uncertainty_calibration.json,AUROC=0.5146; High-conf=95.28% vs Low-conf=93.40%,Dense self-supervised representations exhibit angular score compression,VERIFIED
C-10,Platform architecture passes 100% of host regression tests under Python 3.11,Section 8.4 / Phase 13,reports/phase13/PHASE13_PLATFORM_HARDENING_REPORT.md,218/218 passing unit/integration tests,Host environment validated; container runtime noted NOT_EXECUTED,VERIFIED
