scope,transition,pair_count,dinov2_mean_similarity,adapter_mean_similarity,similarity_gain,p_value
FULL_CORPUS_EXPLORATORY,Detector: InLens <-> SE,19875,0.5781,0.8446,0.2665,0.0
FULL_CORPUS_EXPLORATORY,Instrument: Helios G4 PFIB CXe <-> VEGA3 XMH,9501,0.6269,0.8612,0.2344,0.0
FULL_CORPUS_EXPLORATORY,Detector: BSE <-> SE,26127,0.5942,0.8488,0.2546,0.0
FULL_CORPUS_EXPLORATORY,Instrument: Helios G4 PFIB CXe <-> Helios NanoLab,15078,0.6034,0.857,0.2536,0.0
FULL_CORPUS_EXPLORATORY,Instrument: Helios G4 PFIB CXe <-> Zeiss Gemini,14908,0.5841,0.8431,0.259,0.0
FULL_CORPUS_EXPLORATORY,Detector: ABS <-> SE,188,0.5755,0.8443,0.2689,6.663933488171185e-33
FULL_CORPUS_EXPLORATORY,Detector: BSE <-> InLens,19578,0.58,0.8431,0.2631,0.0
FULL_CORPUS_EXPLORATORY,Detector: ABS <-> InLens,142,0.5597,0.8391,0.2794,2.372336736894489e-25
FULL_CORPUS_EXPLORATORY,Instrument: Helios NanoLab <-> VEGA3 XMH,9634,0.6007,0.8525,0.2518,0.0
FULL_CORPUS_EXPLORATORY,Instrument: VEGA3 XMH <-> Zeiss Gemini,9503,0.585,0.8402,0.2552,0.0
FULL_CORPUS_EXPLORATORY,Detector: ABS <-> BSE,182,0.6281,0.8642,0.2361,6.424319577800218e-32
FULL_CORPUS_EXPLORATORY,Instrument: Helios NanoLab <-> Zeiss Gemini,15107,0.57,0.838,0.268,0.0
