query_id,specimen_id,acquisition_id,instrument,detector,voltage,DINO_rank,Phase4_seed42_rank,Phase4_seed123_rank,Phase4_seed2024_rank,best_positive_rank,failure_category
hcci_327,AsCast,Zeiss Gemini_SE_5.0kV_500.0x,Zeiss Gemini,SE,5.0,2,2,2,2,2,top_rank_mismatch
hcci_328,AsCast,Zeiss Gemini_SE_5.0kV_500.0x,Zeiss Gemini,SE,5.0,2,2,2,2,2,top_rank_mismatch
hcci_329,AsCast,Zeiss Gemini_BSE_5.0kV_500.0x,Zeiss Gemini,BSE,5.0,2,2,2,2,2,top_rank_mismatch
hcci_330,AsCast,Zeiss Gemini_BSE_5.0kV_500.0x,Zeiss Gemini,BSE,5.0,2,2,2,2,2,top_rank_mismatch
hcci_331,AsCast,Zeiss Gemini_InLens_5.0kV_500.0x,Zeiss Gemini,InLens,5.0,2,2,2,2,2,top_rank_mismatch
hcci_332,AsCast,Zeiss Gemini_InLens_5.0kV_500.0x,Zeiss Gemini,InLens,5.0,2,2,2,2,2,top_rank_mismatch
hcci_333,AsCast,Zeiss Gemini_SE_5.0kV_2800.0x,Zeiss Gemini,SE,5.0,2,2,2,1,1,success_rank_1
hcci_334,AsCast,Zeiss Gemini_SE_5.0kV_2800.0x,Zeiss Gemini,SE,5.0,2,2,2,2,2,top_rank_mismatch
hcci_335,AsCast,Zeiss Gemini_BSE_5.0kV_2800.0x,Zeiss Gemini,BSE,5.0,2,2,2,2,2,top_rank_mismatch
hcci_336,AsCast,Zeiss Gemini_BSE_5.0kV_2800.0x,Zeiss Gemini,BSE,5.0,1,1,1,1,1,success_rank_1
hcci_337,AsCast,Zeiss Gemini_InLens_5.0kV_2800.0x,Zeiss Gemini,InLens,5.0,2,2,2,2,2,top_rank_mismatch
hcci_338,AsCast,Zeiss Gemini_InLens_5.0kV_2800.0x,Zeiss Gemini,InLens,5.0,2,2,2,2,2,top_rank_mismatch
hcci_340,AsCast,Zeiss Gemini_SE_10.0kV_500.0x,Zeiss Gemini,SE,10.0,1,1,1,1,1,success_rank_1
hcci_341,AsCast,Zeiss Gemini_BSE_10.0kV_500.0x,Zeiss Gemini,BSE,10.0,2,2,2,2,2,top_rank_mismatch
hcci_342,AsCast,Zeiss Gemini_BSE_10.0kV_500.0x,Zeiss Gemini,BSE,10.0,2,2,2,2,2,top_rank_mismatch
hcci_343,AsCast,Zeiss Gemini_InLens_10.0kV_500.0x,Zeiss Gemini,InLens,10.0,2,2,2,2,2,top_rank_mismatch
hcci_344,AsCast,Zeiss Gemini_InLens_10.0kV_500.0x,Zeiss Gemini,InLens,10.0,2,2,2,2,2,top_rank_mismatch
hcci_345,AsCast,Zeiss Gemini_SE_10.0kV_2800.0x,Zeiss Gemini,SE,10.0,2,2,3,2,2,top_rank_mismatch
hcci_346,AsCast,Zeiss Gemini_SE_10.0kV_2800.0x,Zeiss Gemini,SE,10.0,2,2,2,2,2,top_rank_mismatch
hcci_347,AsCast,Zeiss Gemini_BSE_10.0kV_2800.0x,Zeiss Gemini,BSE,10.0,2,2,2,2,2,top_rank_mismatch
hcci_348,AsCast,Zeiss Gemini_BSE_10.0kV_2800.0x,Zeiss Gemini,BSE,10.0,2,2,2,2,2,top_rank_mismatch
hcci_349,AsCast,Zeiss Gemini_InLens_10.0kV_2800.0x,Zeiss Gemini,InLens,10.0,2,2,2,2,2,top_rank_mismatch
hcci_350,AsCast,Zeiss Gemini_InLens_10.0kV_2800.0x,Zeiss Gemini,InLens,10.0,2,2,2,2,2,top_rank_mismatch
hcci_351,AsCast,Zeiss Gemini_SE_20.0kV_500.0x,Zeiss Gemini,SE,20.0,2,2,2,2,2,top_rank_mismatch
hcci_352,AsCast,Zeiss Gemini_SE_20.0kV_500.0x,Zeiss Gemini,SE,20.0,2,2,2,2,2,top_rank_mismatch
hcci_353,AsCast,Zeiss Gemini_BSE_20.0kV_500.0x,Zeiss Gemini,BSE,20.0,2,2,2,2,2,top_rank_mismatch
hcci_354,AsCast,Zeiss Gemini_BSE_20.0kV_500.0x,Zeiss Gemini,BSE,20.0,4,4,4,4,4,top_rank_mismatch
hcci_355,AsCast,Zeiss Gemini_InLens_20.0kV_500.0x,Zeiss Gemini,InLens,20.0,2,2,2,4,2,top_rank_mismatch
hcci_356,AsCast,Zeiss Gemini_InLens_20.0kV_500.0x,Zeiss Gemini,InLens,20.0,3,3,4,3,3,top_rank_mismatch
hcci_357,AsCast,Zeiss Gemini_SE_20.0kV_2800.0x,Zeiss Gemini,SE,20.0,3,3,3,3,3,top_rank_mismatch
hcci_358,AsCast,Zeiss Gemini_SE_20.0kV_2800.0x,Zeiss Gemini,SE,20.0,2,2,2,2,2,top_rank_mismatch
hcci_359,AsCast,Zeiss Gemini_BSE_20.0kV_2800.0x,Zeiss Gemini,BSE,20.0,1,1,1,1,1,success_rank_1
hcci_360,AsCast,Zeiss Gemini_BSE_20.0kV_2800.0x,Zeiss Gemini,BSE,20.0,1,1,1,1,1,success_rank_1
hcci_361,AsCast,Zeiss Gemini_InLens_20.0kV_2800.0x,Zeiss Gemini,InLens,20.0,2,2,2,2,2,top_rank_mismatch
hcci_362,AsCast,Zeiss Gemini_InLens_20.0kV_2800.0x,Zeiss Gemini,InLens,20.0,2,2,2,2,2,top_rank_mismatch
hcci_363,Q980_0h_WC,Zeiss Gemini_SE_5.0kV_500.0x,Zeiss Gemini,SE,5.0,2,2,2,2,2,top_rank_mismatch
hcci_364,Q980_0h_WC,Zeiss Gemini_SE_5.0kV_500.0x,Zeiss Gemini,SE,5.0,2,2,2,2,2,top_rank_mismatch
hcci_365,Q980_0h_WC,Zeiss Gemini_BSE_5.0kV_500.0x,Zeiss Gemini,BSE,5.0,2,2,3,2,2,top_rank_mismatch
hcci_366,Q980_0h_WC,Zeiss Gemini_BSE_5.0kV_500.0x,Zeiss Gemini,BSE,5.0,6,6,5,6,5,top_rank_mismatch
hcci_367,Q980_0h_WC,Zeiss Gemini_InLens_5.0kV_500.0x,Zeiss Gemini,InLens,5.0,4,4,4,4,4,top_rank_mismatch
hcci_368,Q980_0h_WC,Zeiss Gemini_InLens_5.0kV_500.0x,Zeiss Gemini,InLens,5.0,4,4,4,4,4,top_rank_mismatch
hcci_369,Q980_0h_WC,Zeiss Gemini_SE_5.0kV_2800.0x,Zeiss Gemini,SE,5.0,2,2,2,2,2,top_rank_mismatch
hcci_370,Q980_0h_WC,Zeiss Gemini_SE_5.0kV_2800.0x,Zeiss Gemini,SE,5.0,2,2,2,2,2,top_rank_mismatch
hcci_371,Q980_0h_WC,Zeiss Gemini_BSE_5.0kV_2800.0x,Zeiss Gemini,BSE,5.0,2,2,2,2,2,top_rank_mismatch
hcci_372,Q980_0h_WC,Zeiss Gemini_BSE_5.0kV_2800.0x,Zeiss Gemini,BSE,5.0,2,2,2,2,2,top_rank_mismatch
hcci_373,Q980_0h_WC,Zeiss Gemini_InLens_5.0kV_2800.0x,Zeiss Gemini,InLens,5.0,2,2,2,2,2,top_rank_mismatch
hcci_374,Q980_0h_WC,Zeiss Gemini_InLens_5.0kV_2800.0x,Zeiss Gemini,InLens,5.0,2,2,2,2,2,top_rank_mismatch
hcci_375,Q980_0h_WC,Zeiss Gemini_SE_10.0kV_500.0x,Zeiss Gemini,SE,10.0,2,2,2,2,2,top_rank_mismatch
hcci_376,Q980_0h_WC,Zeiss Gemini_SE_10.0kV_500.0x,Zeiss Gemini,SE,10.0,2,2,2,2,2,top_rank_mismatch
hcci_377,Q980_0h_WC,Zeiss Gemini_BSE_10.0kV_500.0x,Zeiss Gemini,BSE,10.0,4,3,3,3,3,top_rank_mismatch
hcci_378,Q980_0h_WC,Zeiss Gemini_BSE_10.0kV_500.0x,Zeiss Gemini,BSE,10.0,4,3,4,4,3,top_rank_mismatch
hcci_379,Q980_0h_WC,Zeiss Gemini_InLens_10.0kV_500.0x,Zeiss Gemini,InLens,10.0,4,4,4,4,4,top_rank_mismatch
hcci_380,Q980_0h_WC,Zeiss Gemini_InLens_10.0kV_500.0x,Zeiss Gemini,InLens,10.0,4,4,4,4,4,top_rank_mismatch
hcci_381,Q980_0h_WC,Zeiss Gemini_SE_10.0kV_2800.0x,Zeiss Gemini,SE,10.0,3,3,3,3,3,top_rank_mismatch
hcci_382,Q980_0h_WC,Zeiss Gemini_SE_10.0kV_2800.0x,Zeiss Gemini,SE,10.0,2,2,2,2,2,top_rank_mismatch
hcci_383,Q980_0h_WC,Zeiss Gemini_BSE_10.0kV_2800.0x,Zeiss Gemini,BSE,10.0,2,2,2,2,2,top_rank_mismatch
hcci_384,Q980_0h_WC,Zeiss Gemini_BSE_10.0kV_2800.0x,Zeiss Gemini,BSE,10.0,2,2,2,2,2,top_rank_mismatch
hcci_385,Q980_0h_WC,Zeiss Gemini_InLens_10.0kV_2800.0x,Zeiss Gemini,InLens,10.0,2,2,2,2,2,top_rank_mismatch
hcci_386,Q980_0h_WC,Zeiss Gemini_InLens_10.0kV_2800.0x,Zeiss Gemini,InLens,10.0,2,2,2,2,2,top_rank_mismatch
hcci_387,Q980_0h_WC,Zeiss Gemini_SE_20.0kV_500.0x,Zeiss Gemini,SE,20.0,3,3,4,3,3,top_rank_mismatch
hcci_388,Q980_0h_WC,Zeiss Gemini_SE_20.0kV_500.0x,Zeiss Gemini,SE,20.0,4,4,4,4,4,top_rank_mismatch
hcci_389,Q980_0h_WC,Zeiss Gemini_BSE_20.0kV_500.0x,Zeiss Gemini,BSE,20.0,2,2,2,2,2,top_rank_mismatch
hcci_390,Q980_0h_WC,Zeiss Gemini_BSE_20.0kV_500.0x,Zeiss Gemini,BSE,20.0,2,2,2,2,2,top_rank_mismatch
hcci_391,Q980_0h_WC,Zeiss Gemini_InLens_20.0kV_500.0x,Zeiss Gemini,InLens,20.0,4,4,4,4,4,top_rank_mismatch
hcci_392,Q980_0h_WC,Zeiss Gemini_InLens_20.0kV_500.0x,Zeiss Gemini,InLens,20.0,4,4,4,4,4,top_rank_mismatch
hcci_393,Q980_0h_WC,Zeiss Gemini_SE_20.0kV_2800.0x,Zeiss Gemini,SE,20.0,2,2,2,2,2,top_rank_mismatch
hcci_394,Q980_0h_WC,Zeiss Gemini_SE_20.0kV_2800.0x,Zeiss Gemini,SE,20.0,3,3,3,3,3,top_rank_mismatch
hcci_395,Q980_0h_WC,Zeiss Gemini_BSE_20.0kV_2800.0x,Zeiss Gemini,BSE,20.0,4,4,4,2,2,top_rank_mismatch
hcci_396,Q980_0h_WC,Zeiss Gemini_BSE_20.0kV_2800.0x,Zeiss Gemini,BSE,20.0,4,4,4,2,2,top_rank_mismatch
hcci_397,Q980_0h_WC,Zeiss Gemini_InLens_20.0kV_2800.0x,Zeiss Gemini,InLens,20.0,2,2,2,2,2,top_rank_mismatch
hcci_398,Q980_0h_WC,Zeiss Gemini_InLens_20.0kV_2800.0x,Zeiss Gemini,InLens,20.0,2,2,2,2,2,top_rank_mismatch
hcci_399,Q980_9h_AC,Zeiss Gemini_SE_5.0kV_500.0x,Zeiss Gemini,SE,5.0,2,2,2,2,2,top_rank_mismatch
hcci_400,Q980_9h_AC,Zeiss Gemini_SE_5.0kV_500.0x,Zeiss Gemini,SE,5.0,2,2,2,2,2,top_rank_mismatch
hcci_401,Q980_9h_AC,Zeiss Gemini_BSE_5.0kV_500.0x,Zeiss Gemini,BSE,5.0,1,1,1,1,1,success_rank_1
hcci_402,Q980_9h_AC,Zeiss Gemini_BSE_5.0kV_500.0x,Zeiss Gemini,BSE,5.0,1,1,1,1,1,success_rank_1
hcci_403,Q980_9h_AC,Zeiss Gemini_InLens_5.0kV_500.0x,Zeiss Gemini,InLens,5.0,2,2,2,2,2,top_rank_mismatch
hcci_404,Q980_9h_AC,Zeiss Gemini_InLens_5.0kV_500.0x,Zeiss Gemini,InLens,5.0,2,2,2,2,2,top_rank_mismatch
hcci_405,Q980_9h_AC,Zeiss Gemini_SE_5.0kV_2800.0x,Zeiss Gemini,SE,5.0,2,2,2,2,2,top_rank_mismatch
hcci_406,Q980_9h_AC,Zeiss Gemini_SE_5.0kV_2800.0x,Zeiss Gemini,SE,5.0,2,2,2,2,2,top_rank_mismatch
hcci_407,Q980_9h_AC,Zeiss Gemini_BSE_5.0kV_2800.0x,Zeiss Gemini,BSE,5.0,1,1,1,1,1,success_rank_1
hcci_408,Q980_9h_AC,Zeiss Gemini_BSE_5.0kV_2800.0x,Zeiss Gemini,BSE,5.0,1,1,1,1,1,success_rank_1
hcci_409,Q980_9h_AC,Zeiss Gemini_InLens_5.0kV_2800.0x,Zeiss Gemini,InLens,5.0,2,2,2,2,2,top_rank_mismatch
hcci_410,Q980_9h_AC,Zeiss Gemini_InLens_5.0kV_2800.0x,Zeiss Gemini,InLens,5.0,2,2,2,2,2,top_rank_mismatch
hcci_411,Q980_9h_AC,Zeiss Gemini_SE_10.0kV_500.0x,Zeiss Gemini,SE,10.0,2,2,2,2,2,cross_voltage_shift
hcci_412,Q980_9h_AC,Zeiss Gemini_SE_10.0kV_500.0x,Zeiss Gemini,SE,10.0,3,3,3,3,3,top_rank_mismatch
hcci_413,Q980_9h_AC,Zeiss Gemini_BSE_10.0kV_500.0x,Zeiss Gemini,BSE,10.0,1,1,2,1,1,success_rank_1
hcci_414,Q980_9h_AC,Zeiss Gemini_BSE_10.0kV_500.0x,Zeiss Gemini,BSE,10.0,2,2,2,1,1,success_rank_1
hcci_415,Q980_9h_AC,Zeiss Gemini_InLens_10.0kV_500.0x,Zeiss Gemini,InLens,10.0,2,2,3,3,2,top_rank_mismatch
hcci_416,Q980_9h_AC,Zeiss Gemini_InLens_10.0kV_500.0x,Zeiss Gemini,InLens,10.0,2,2,2,4,2,top_rank_mismatch
hcci_417,Q980_9h_AC,Zeiss Gemini_SE_10.0kV_2800.0x,Zeiss Gemini,SE,10.0,2,2,2,2,2,top_rank_mismatch
hcci_418,Q980_9h_AC,Zeiss Gemini_SE_10.0kV_2800.0x,Zeiss Gemini,SE,10.0,2,2,2,2,2,top_rank_mismatch
hcci_419,Q980_9h_AC,Zeiss Gemini_BSE_10.0kV_2800.0x,Zeiss Gemini,BSE,10.0,2,2,2,2,2,top_rank_mismatch
hcci_420,Q980_9h_AC,Zeiss Gemini_BSE_10.0kV_2800.0x,Zeiss Gemini,BSE,10.0,2,2,2,2,2,top_rank_mismatch
hcci_421,Q980_9h_AC,Zeiss Gemini_InLens_10.0kV_2800.0x,Zeiss Gemini,InLens,10.0,2,2,2,2,2,top_rank_mismatch
hcci_422,Q980_9h_AC,Zeiss Gemini_InLens_10.0kV_2800.0x,Zeiss Gemini,InLens,10.0,2,2,2,2,2,top_rank_mismatch
hcci_423,Q980_9h_AC,Zeiss Gemini_SE_20.0kV_500.0x,Zeiss Gemini,SE,20.0,3,3,3,3,3,top_rank_mismatch
hcci_424,Q980_9h_AC,Zeiss Gemini_SE_20.0kV_500.0x,Zeiss Gemini,SE,20.0,4,4,4,4,4,cross_voltage_shift
hcci_425,Q980_9h_AC,Zeiss Gemini_BSE_20.0kV_500.0x,Zeiss Gemini,BSE,20.0,2,2,2,2,2,top_rank_mismatch
hcci_426,Q980_9h_AC,Zeiss Gemini_BSE_20.0kV_500.0x,Zeiss Gemini,BSE,20.0,2,2,2,4,2,top_rank_mismatch
hcci_427,Q980_9h_AC,Zeiss Gemini_InLens_20.0kV_500.0x,Zeiss Gemini,InLens,20.0,2,2,2,4,2,top_rank_mismatch
hcci_428,Q980_9h_AC,Zeiss Gemini_InLens_20.0kV_500.0x,Zeiss Gemini,InLens,20.0,2,2,2,2,2,top_rank_mismatch
hcci_429,Q980_9h_AC,Zeiss Gemini_SE_20.0kV_2800.0x,Zeiss Gemini,SE,20.0,2,2,2,2,2,top_rank_mismatch
hcci_430,Q980_9h_AC,Zeiss Gemini_SE_20.0kV_2800.0x,Zeiss Gemini,SE,20.0,2,2,2,2,2,top_rank_mismatch
hcci_431,Q980_9h_AC,Zeiss Gemini_BSE_20.0kV_2800.0x,Zeiss Gemini,BSE,20.0,2,2,2,2,2,top_rank_mismatch
hcci_432,Q980_9h_AC,Zeiss Gemini_BSE_20.0kV_2800.0x,Zeiss Gemini,BSE,20.0,2,2,2,2,2,top_rank_mismatch
hcci_433,Q980_9h_AC,Zeiss Gemini_InLens_20.0kV_2800.0x,Zeiss Gemini,InLens,20.0,2,2,2,2,2,top_rank_mismatch
hcci_434,Q980_9h_AC,Zeiss Gemini_InLens_20.0kV_2800.0x,Zeiss Gemini,InLens,20.0,2,2,2,2,2,top_rank_mismatch
hcci_723,AsCast,Zeiss Gemini_SE_5.0kV_500.0x,Zeiss Gemini,SE,5.0,1,1,1,1,1,success_rank_1
hcci_724,AsCast,Zeiss Gemini_SE_5.0kV_500.0x,Zeiss Gemini,SE,5.0,1,1,1,1,1,success_rank_1
hcci_725,AsCast,Zeiss Gemini_BSE_5.0kV_500.0x,Zeiss Gemini,BSE,5.0,1,1,1,1,1,success_rank_1
hcci_726,AsCast,Zeiss Gemini_BSE_5.0kV_500.0x,Zeiss Gemini,BSE,5.0,5,5,5,5,5,top_rank_mismatch
hcci_727,AsCast,Zeiss Gemini_InLens_5.0kV_500.0x,Zeiss Gemini,InLens,5.0,2,2,2,2,2,top_rank_mismatch
hcci_728,AsCast,Zeiss Gemini_InLens_5.0kV_500.0x,Zeiss Gemini,InLens,5.0,2,2,2,2,2,top_rank_mismatch
hcci_729,AsCast,Zeiss Gemini_SE_5.0kV_2800.0x,Zeiss Gemini,SE,5.0,2,2,2,2,2,top_rank_mismatch
hcci_730,AsCast,Zeiss Gemini_SE_5.0kV_2800.0x,Zeiss Gemini,SE,5.0,2,2,2,2,2,top_rank_mismatch
hcci_731,AsCast,Zeiss Gemini_BSE_5.0kV_2800.0x,Zeiss Gemini,BSE,5.0,3,3,4,3,3,top_rank_mismatch
hcci_732,AsCast,Zeiss Gemini_BSE_5.0kV_2800.0x,Zeiss Gemini,BSE,5.0,3,3,3,3,3,top_rank_mismatch
hcci_733,AsCast,Zeiss Gemini_InLens_5.0kV_2800.0x,Zeiss Gemini,InLens,5.0,2,2,2,2,2,top_rank_mismatch
hcci_734,AsCast,Zeiss Gemini_InLens_5.0kV_2800.0x,Zeiss Gemini,InLens,5.0,2,2,2,2,2,top_rank_mismatch
hcci_735,AsCast,Zeiss Gemini_SE_10.0kV_500.0x,Zeiss Gemini,SE,10.0,1,1,1,1,1,success_rank_1
hcci_736,AsCast,Zeiss Gemini_SE_10.0kV_500.0x,Zeiss Gemini,SE,10.0,1,1,1,1,1,success_rank_1
hcci_737,AsCast,Zeiss Gemini_BSE_10.0kV_500.0x,Zeiss Gemini,BSE,10.0,1,1,1,1,1,success_rank_1
hcci_738,AsCast,Zeiss Gemini_BSE_10.0kV_500.0x,Zeiss Gemini,BSE,10.0,1,1,1,1,1,success_rank_1
hcci_739,AsCast,Zeiss Gemini_InLens_10.0kV_500.0x,Zeiss Gemini,InLens,10.0,2,2,2,2,2,top_rank_mismatch
hcci_740,AsCast,Zeiss Gemini_InLens_10.0kV_500.0x,Zeiss Gemini,InLens,10.0,2,2,2,2,2,top_rank_mismatch
hcci_741,AsCast,Zeiss Gemini_SE_10.0kV_2800.0x,Zeiss Gemini,SE,10.0,1,1,1,1,1,success_rank_1
hcci_742,AsCast,Zeiss Gemini_SE_10.0kV_2800.0x,Zeiss Gemini,SE,10.0,1,1,1,1,1,success_rank_1
hcci_743,AsCast,Zeiss Gemini_BSE_10.0kV_2800.0x,Zeiss Gemini,BSE,10.0,2,2,2,2,2,top_rank_mismatch
hcci_744,AsCast,Zeiss Gemini_BSE_10.0kV_2800.0x,Zeiss Gemini,BSE,10.0,2,2,2,2,2,top_rank_mismatch
hcci_745,AsCast,Zeiss Gemini_InLens_10.0kV_2800.0x,Zeiss Gemini,InLens,10.0,2,2,2,2,2,top_rank_mismatch
hcci_746,AsCast,Zeiss Gemini_InLens_10.0kV_2800.0x,Zeiss Gemini,InLens,10.0,2,2,2,2,2,top_rank_mismatch
hcci_747,AsCast,Zeiss Gemini_SE_20.0kV_500.0x,Zeiss Gemini,SE,20.0,1,1,1,1,1,success_rank_1
hcci_748,AsCast,Zeiss Gemini_SE_20.0kV_500.0x,Zeiss Gemini,SE,20.0,1,1,1,1,1,success_rank_1
hcci_749,AsCast,Zeiss Gemini_BSE_20.0kV_500.0x,Zeiss Gemini,BSE,20.0,2,2,2,2,2,top_rank_mismatch
hcci_750,AsCast,Zeiss Gemini_BSE_20.0kV_500.0x,Zeiss Gemini,BSE,20.0,2,2,2,2,2,top_rank_mismatch
hcci_751,AsCast,Zeiss Gemini_InLens_20.0kV_500.0x,Zeiss Gemini,InLens,20.0,2,2,2,2,2,top_rank_mismatch
hcci_752,AsCast,Zeiss Gemini_InLens_20.0kV_500.0x,Zeiss Gemini,InLens,20.0,2,2,2,2,2,top_rank_mismatch
hcci_753,AsCast,Zeiss Gemini_SE_20.0kV_2800.0x,Zeiss Gemini,SE,20.0,2,2,2,2,2,top_rank_mismatch
hcci_754,AsCast,Zeiss Gemini_SE_20.0kV_2800.0x,Zeiss Gemini,SE,20.0,2,2,2,2,2,top_rank_mismatch
hcci_755,AsCast,Zeiss Gemini_BSE_20.0kV_2800.0x,Zeiss Gemini,BSE,20.0,2,2,2,2,2,top_rank_mismatch
hcci_756,AsCast,Zeiss Gemini_BSE_20.0kV_2800.0x,Zeiss Gemini,BSE,20.0,2,2,2,2,2,top_rank_mismatch
hcci_757,AsCast,Zeiss Gemini_InLens_20.0kV_2800.0x,Zeiss Gemini,InLens,20.0,2,2,2,2,2,top_rank_mismatch
hcci_758,AsCast,Zeiss Gemini_InLens_20.0kV_2800.0x,Zeiss Gemini,InLens,20.0,2,2,2,2,2,top_rank_mismatch
hcci_759,Q980_0h_WC,Zeiss Gemini_SE_5.0kV_500.0x,Zeiss Gemini,SE,5.0,2,2,2,2,2,top_rank_mismatch
hcci_760,Q980_0h_WC,Zeiss Gemini_SE_5.0kV_500.0x,Zeiss Gemini,SE,5.0,2,2,2,2,2,top_rank_mismatch
hcci_761,Q980_0h_WC,Zeiss Gemini_BSE_5.0kV_500.0x,Zeiss Gemini,BSE,5.0,2,2,3,2,2,top_rank_mismatch
hcci_762,Q980_0h_WC,Zeiss Gemini_BSE_5.0kV_500.0x,Zeiss Gemini,BSE,5.0,7,5,6,7,5,top_rank_mismatch
hcci_763,Q980_0h_WC,Zeiss Gemini_InLens_5.0kV_500.0x,Zeiss Gemini,InLens,5.0,2,2,2,2,2,top_rank_mismatch
hcci_764,Q980_0h_WC,Zeiss Gemini_InLens_5.0kV_500.0x,Zeiss Gemini,InLens,5.0,2,2,2,2,2,top_rank_mismatch
hcci_765,Q980_0h_WC,Zeiss Gemini_SE_5.0kV_2800.0x,Zeiss Gemini,SE,5.0,2,2,2,2,2,top_rank_mismatch
hcci_766,Q980_0h_WC,Zeiss Gemini_SE_5.0kV_2800.0x,Zeiss Gemini,SE,5.0,2,2,2,2,2,top_rank_mismatch
hcci_767,Q980_0h_WC,Zeiss Gemini_BSE_5.0kV_2800.0x,Zeiss Gemini,BSE,5.0,2,2,2,2,2,top_rank_mismatch
hcci_768,Q980_0h_WC,Zeiss Gemini_BSE_5.0kV_2800.0x,Zeiss Gemini,BSE,5.0,2,2,2,2,2,top_rank_mismatch
hcci_769,Q980_0h_WC,Zeiss Gemini_InLens_5.0kV_2800.0x,Zeiss Gemini,InLens,5.0,3,3,3,3,3,top_rank_mismatch
hcci_770,Q980_0h_WC,Zeiss Gemini_InLens_5.0kV_2800.0x,Zeiss Gemini,InLens,5.0,3,3,3,2,2,top_rank_mismatch
hcci_771,Q980_0h_WC,Zeiss Gemini_SE_10.0kV_500.0x,Zeiss Gemini,SE,10.0,1,1,1,1,1,success_rank_1
hcci_772,Q980_0h_WC,Zeiss Gemini_SE_10.0kV_500.0x,Zeiss Gemini,SE,10.0,1,1,1,1,1,success_rank_1
hcci_773,Q980_0h_WC,Zeiss Gemini_BSE_10.0kV_500.0x,Zeiss Gemini,BSE,10.0,3,3,3,3,3,top_rank_mismatch
hcci_774,Q980_0h_WC,Zeiss Gemini_BSE_10.0kV_500.0x,Zeiss Gemini,BSE,10.0,3,3,3,3,3,top_rank_mismatch
hcci_775,Q980_0h_WC,Zeiss Gemini_InLens_10.0kV_500.0x,Zeiss Gemini,InLens,10.0,2,2,2,2,2,top_rank_mismatch
hcci_776,Q980_0h_WC,Zeiss Gemini_InLens_10.0kV_500.0x,Zeiss Gemini,InLens,10.0,2,2,2,2,2,top_rank_mismatch
hcci_777,Q980_0h_WC,Zeiss Gemini_SE_10.0kV_2800.0x,Zeiss Gemini,SE,10.0,2,2,2,2,2,top_rank_mismatch
hcci_778,Q980_0h_WC,Zeiss Gemini_SE_10.0kV_2800.0x,Zeiss Gemini,SE,10.0,2,2,2,2,2,top_rank_mismatch
hcci_779,Q980_0h_WC,Zeiss Gemini_BSE_10.0kV_2800.0x,Zeiss Gemini,BSE,10.0,2,2,2,2,2,top_rank_mismatch
hcci_780,Q980_0h_WC,Zeiss Gemini_BSE_10.0kV_2800.0x,Zeiss Gemini,BSE,10.0,2,3,3,2,2,top_rank_mismatch
hcci_781,Q980_0h_WC,Zeiss Gemini_InLens_10.0kV_2800.0x,Zeiss Gemini,InLens,10.0,2,2,2,2,2,top_rank_mismatch
hcci_782,Q980_0h_WC,Zeiss Gemini_InLens_10.0kV_2800.0x,Zeiss Gemini,InLens,10.0,2,2,2,2,2,top_rank_mismatch
hcci_783,Q980_0h_WC,Zeiss Gemini_SE_20.0kV_500.0x,Zeiss Gemini,SE,20.0,1,1,1,1,1,success_rank_1
hcci_784,Q980_0h_WC,Zeiss Gemini_SE_20.0kV_500.0x,Zeiss Gemini,SE,20.0,1,1,1,1,1,success_rank_1
hcci_785,Q980_0h_WC,Zeiss Gemini_BSE_20.0kV_500.0x,Zeiss Gemini,BSE,20.0,2,2,2,2,2,top_rank_mismatch
hcci_786,Q980_0h_WC,Zeiss Gemini_BSE_20.0kV_500.0x,Zeiss Gemini,BSE,20.0,2,2,2,2,2,top_rank_mismatch
hcci_787,Q980_0h_WC,Zeiss Gemini_InLens_20.0kV_500.0x,Zeiss Gemini,InLens,20.0,4,4,2,2,2,top_rank_mismatch
hcci_788,Q980_0h_WC,Zeiss Gemini_InLens_20.0kV_500.0x,Zeiss Gemini,InLens,20.0,4,4,4,3,3,top_rank_mismatch
hcci_789,Q980_0h_WC,Zeiss Gemini_SE_20.0kV_2800.0x,Zeiss Gemini,SE,20.0,2,2,2,2,2,top_rank_mismatch
hcci_790,Q980_0h_WC,Zeiss Gemini_SE_20.0kV_2800.0x,Zeiss Gemini,SE,20.0,2,2,2,2,2,top_rank_mismatch
hcci_791,Q980_0h_WC,Zeiss Gemini_BSE_20.0kV_2800.0x,Zeiss Gemini,BSE,20.0,4,4,4,4,4,top_rank_mismatch
hcci_792,Q980_0h_WC,Zeiss Gemini_BSE_20.0kV_2800.0x,Zeiss Gemini,BSE,20.0,2,3,6,2,2,top_rank_mismatch
hcci_793,Q980_0h_WC,Zeiss Gemini_InLens_20.0kV_2800.0x,Zeiss Gemini,InLens,20.0,6,2,3,6,2,top_rank_mismatch
hcci_794,Q980_0h_WC,Zeiss Gemini_InLens_20.0kV_2800.0x,Zeiss Gemini,InLens,20.0,2,2,1,1,1,success_rank_1
hcci_795,Q980_9h_AC,Zeiss Gemini_SE_5.0kV_500.0x,Zeiss Gemini,SE,5.0,1,1,1,1,1,success_rank_1
hcci_796,Q980_9h_AC,Zeiss Gemini_SE_5.0kV_500.0x,Zeiss Gemini,SE,5.0,2,2,2,2,2,top_rank_mismatch
hcci_798,Q980_9h_AC,Zeiss Gemini_BSE_5.0kV_500.0x,Zeiss Gemini,BSE,5.0,1,1,1,1,1,success_rank_1
hcci_799,Q980_9h_AC,Zeiss Gemini_InLens_5.0kV_500.0x,Zeiss Gemini,InLens,5.0,2,2,2,2,2,top_rank_mismatch
hcci_800,Q980_9h_AC,Zeiss Gemini_InLens_5.0kV_500.0x,Zeiss Gemini,InLens,5.0,2,2,2,2,2,top_rank_mismatch
hcci_801,Q980_9h_AC,Zeiss Gemini_SE_5.0kV_2800.0x,Zeiss Gemini,SE,5.0,1,2,1,1,1,success_rank_1
hcci_802,Q980_9h_AC,Zeiss Gemini_SE_5.0kV_2800.0x,Zeiss Gemini,SE,5.0,2,2,2,2,2,top_rank_mismatch
hcci_803,Q980_9h_AC,Zeiss Gemini_BSE_5.0kV_2800.0x,Zeiss Gemini,BSE,5.0,1,1,1,2,1,success_rank_1
hcci_804,Q980_9h_AC,Zeiss Gemini_BSE_5.0kV_2800.0x,Zeiss Gemini,BSE,5.0,2,2,2,3,2,top_rank_mismatch
hcci_805,Q980_9h_AC,Zeiss Gemini_InLens_5.0kV_2800.0x,Zeiss Gemini,InLens,5.0,2,2,2,2,2,top_rank_mismatch
hcci_806,Q980_9h_AC,Zeiss Gemini_InLens_5.0kV_2800.0x,Zeiss Gemini,InLens,5.0,2,2,2,2,2,top_rank_mismatch
hcci_807,Q980_9h_AC,Zeiss Gemini_SE_10.0kV_500.0x,Zeiss Gemini,SE,10.0,1,1,1,2,1,success_rank_1
hcci_808,Q980_9h_AC,Zeiss Gemini_SE_10.0kV_500.0x,Zeiss Gemini,SE,10.0,3,3,3,3,3,cross_voltage_shift
hcci_809,Q980_9h_AC,Zeiss Gemini_BSE_10.0kV_500.0x,Zeiss Gemini,BSE,10.0,2,2,2,2,2,top_rank_mismatch
hcci_810,Q980_9h_AC,Zeiss Gemini_BSE_10.0kV_500.0x,Zeiss Gemini,BSE,10.0,2,2,2,2,2,top_rank_mismatch
hcci_811,Q980_9h_AC,Zeiss Gemini_InLens_10.0kV_500.0x,Zeiss Gemini,InLens,10.0,2,2,2,2,2,top_rank_mismatch
hcci_812,Q980_9h_AC,Zeiss Gemini_InLens_10.0kV_500.0x,Zeiss Gemini,InLens,10.0,3,4,3,2,2,top_rank_mismatch
hcci_813,Q980_9h_AC,Zeiss Gemini_SE_10.0kV_2800.0x,Zeiss Gemini,SE,10.0,2,2,2,2,2,top_rank_mismatch
hcci_814,Q980_9h_AC,Zeiss Gemini_SE_10.0kV_2800.0x,Zeiss Gemini,SE,10.0,2,2,2,2,2,top_rank_mismatch
hcci_815,Q980_9h_AC,Zeiss Gemini_BSE_10.0kV_2800.0x,Zeiss Gemini,BSE,10.0,5,5,5,3,3,top_rank_mismatch
hcci_816,Q980_9h_AC,Zeiss Gemini_BSE_10.0kV_2800.0x,Zeiss Gemini,BSE,10.0,6,4,4,5,4,top_rank_mismatch
hcci_817,Q980_9h_AC,Zeiss Gemini_SE_20.0kV_2800.0x,Zeiss Gemini,SE,20.0,4,4,4,4,4,top_rank_mismatch
hcci_818,Q980_9h_AC,Zeiss Gemini_SE_20.0kV_2800.0x,Zeiss Gemini,SE,20.0,4,3,3,3,3,top_rank_mismatch
hcci_819,Q980_9h_AC,Zeiss Gemini_SE_20.0kV_500.0x,Zeiss Gemini,SE,20.0,2,2,2,1,1,success_rank_1
hcci_820,Q980_9h_AC,Zeiss Gemini_SE_20.0kV_500.0x,Zeiss Gemini,SE,20.0,4,5,8,5,4,cross_voltage_shift
hcci_821,Q980_9h_AC,Zeiss Gemini_BSE_20.0kV_500.0x,Zeiss Gemini,BSE,20.0,2,2,2,2,2,top_rank_mismatch
hcci_822,Q980_9h_AC,Zeiss Gemini_BSE_20.0kV_500.0x,Zeiss Gemini,BSE,20.0,2,2,2,2,2,top_rank_mismatch
hcci_825,Q980_9h_AC,Zeiss Gemini_InLens_10.0kV_2800.0x,Zeiss Gemini,InLens,10.0,2,2,2,2,2,top_rank_mismatch
hcci_826,Q980_9h_AC,Zeiss Gemini_InLens_10.0kV_2800.0x,Zeiss Gemini,InLens,10.0,2,2,2,2,2,top_rank_mismatch
hcci_827,Q980_9h_AC,Zeiss Gemini_BSE_20.0kV_2800.0x,Zeiss Gemini,BSE,20.0,3,3,4,3,3,top_rank_mismatch
hcci_828,Q980_9h_AC,Zeiss Gemini_BSE_20.0kV_2800.0x,Zeiss Gemini,BSE,20.0,2,2,2,2,2,top_rank_mismatch
hcci_829,Q980_9h_AC,Zeiss Gemini_InLens_20.0kV_2800.0x,Zeiss Gemini,InLens,20.0,1,1,1,1,1,success_rank_1
hcci_830,Q980_9h_AC,Zeiss Gemini_InLens_20.0kV_2800.0x,Zeiss Gemini,InLens,20.0,2,2,1,1,1,success_rank_1
