dimension,status,evidence,artifact,limitation,claim_allowed
historical_immutability,VERIFIED,145/145 historical artifacts matched byte-for-byte,reports/final_closure/FINAL_CLOSURE_BASELINE_MANIFEST.csv,None,Full historical immutability preserved
dataset_independence,AUDITED_AND_RECLASSIFIED,Carinthia audited as previously evaluated; SEM Nanoscience audited as genuinely independent,reports/final_closure/P19_DATASET_INDEPENDENCE_AUDIT.csv,Carinthia is cross-domain benchmark not novel discovery,SEM Nanoscience is independent external; Carinthia is cross-domain
retrieval_protocol,STANDARDIZED,Explicit mathematical specification of leave-one-out class retrieval,reports/final_closure/P19_RETRIEVAL_PROTOCOL_AUDIT.md,Ground truth is class categorical not multi-view identity,Nearest-neighbor class retrieval / class-consistency evaluation
random_baseline,AUDITED_AND_RECONCILED,Mathematical proof of 1/6=0.1667 and H6/6=0.4083 under balanced uniform prior,reports/final_closure/P19_RANDOM_BASELINE_AUDIT.md,Gallery-weighted random accuracy is 0.7687 due to 87% class 3 skew,Balanced 6-class uniform random guessing baseline
CLIP_reproducibility,RECORDED_NOT_REPRODUCED,CLIP ViT-B/32 specification documented,reports/phase19/external_validation/P19_CLIP_BASELINE_CARD.md,CLIP per-image embeddings not packaged in local repo,Descriptive comparative point estimate only (inferential p-value demoted)
ResNet_reproducibility,RECORDED_NOT_REPRODUCED,ResNet-50 specification documented,reports/phase19/external_validation/P19_RESNET50_BASELINE_CARD.md,ResNet-50 per-image embeddings not packaged in local repo,Descriptive comparative point estimate only (inferential p-value demoted)
statistics,AUDITED_AND_DEMOTED,p < 1e-15 demoted to descriptive point estimates,reports/final_closure/P19_STATISTICAL_AUDIT.md,Paired per-query binary arrays not persisted in repo,DINOv2 achieved higher Micro R@1 than CLIP and ResNet under evaluated protocol
OOD_protocol,STANDARDIZED,k-NN density distance over 774 ID and 1000 cross-domain SEM samples,reports/final_closure/P19_OOD_PROTOCOL_AUDIT.md,24.50% FPR at 95% TPR operating point,Cross-domain novelty / morphological distribution-shift screening
uncertainty,STANDARDIZED,D_ref latent Euclidean distance to nearest reference vector,reports/final_closure/P19_UNCERTAINTY_CALIBRATION_AUDIT.md,Continuous distance metric not fitted posterior probability,Latent-distance uncertainty signal evaluation (calibration not claimed)
human_validation,AUDITED_AND_VALIDATED,Double-blinded review of 120 stratified cases by 2 independent experts,reports/final_closure/P19_HUMAN_VALIDATION_PROTOCOL_AUDIT.md,Zero label leakage; evaluated on predefined actionability criteria,Protocol-specific curation actionability yield 91.67% (kappa=0.8420)
prospective_ingestion,RECLASSIFIED,100 held-out micrographs ingested end-to-end at 14.80 img/s,reports/final_closure/P19_PROSPECTIVE_INGESTION_AUDIT.md,Sampled from held-out archive not streaming live from physical microscope,Held-out batch ingestion test with 100% provenance audit trails
cloud_status,NOT_EXECUTED,Static cloud architecture and IaC blueprints verified,reports/phase18/PHASE18_INFRASTRUCTURE_SPEC.md,Zero cloud provider credentials present on local host,Cloud-deployable production architecture (live cloud not executed)
docker_status,NOT_EXECUTED,Docker multi-stage build and compose healthchecks verified,reports/phase18/PHASE18_DOCKER_RUNTIME_REPORT.md,Docker Desktop Linux Engine daemon named pipe inactive,Container specification validated on host (live daemon not executed)
load_testing,VALIDATED_HOST_ONLY,600 total requests across 4 tiers; 0 errors; 67.61 req/s peak,reports/final_closure/PHASE18_LOAD_TEST_REPORT.md,Controlled host-side TestClient execution on single workstation,Controlled host-side synthetic load and throughput benchmark
backup_restore,VALIDATED,Cold restore completed in 0.0077 s with SHA-256 integrity match,reports/phase18/PHASE18_DEPLOYMENT_EVIDENCE/backup_restore_timing.json,Tested on SQLite platform database,Host-environment disaster recovery validation (RTO compliant < 5m)
security,PASSED,5/5 RBAC authorization and JWT tampering regression tests passed,reports/phase18/PHASE18_SECURITY_AUDIT.md,0 committed credentials; container non-root UID 1000,RBAC access controls and credential hygiene verified
rights,AUDITED,Governance matrix across all 8 in-domain and external candidate datasets,reports/final_closure/FINAL_DATASET_RIGHTS_MATRIX.csv,Carinthia and HCCI restricted; only SEM Nanoscience fully open CC BY 4.0,Strict non-redistribution governance; manifests only for restricted sets
SVG_integrity,VERIFIED_ZERO_DEFECTS,Repository-wide scan across 562 files found zero <svgsvg malformations,reports/final_closure/SVG_ARTIFACT_AUDIT.md,0 active SVG malformations in codebase or web frontend,Zero malformed SVG tags in active repository
claim_language,AUDITED_AND_REMEDIATED,Repository scan across all phase 18-19 reports,reports/final_closure/FINAL_PHASE18_19_CLAIM_LANGUAGE_AUDIT.csv,Hyperbolic phrases replaced with scientifically bounded terms,Scientifically bounded claim language enforced across all deliverables
reproducibility,VALIDATED,190/190 regression tests passed; full reproduction scripts committed,reports/phase18_19/PHASE18_19_REPRODUCTION_MANIFEST.yaml,Windows CPU / AVX2 environment,100% regression pass rate across core platform capabilities
release_integrity,VERIFIED,Clean staging bundle release_v3_final/ with independent checksum freeze,reports/final_closure/FINAL_RELEASE_CHECKSUMS.json,Zero unverified third-party raw datasets packaged,Complete clean distribution package verified with 0 checksum mismatches
