synthetic_image_id,artifact_type,severity,iou,dice,pixel_precision,pixel_recall
syn_hcci_327_OVEREXPOSURE_sev2,OVEREXPOSURE,2,0.961,0.9801,0.9748,0.9854
syn_hcci_327_UNDEREXPOSURE_sev3,UNDEREXPOSURE,3,0.0068,0.0134,0.0162,0.0115
syn_hcci_327_CLIPPING_sev1,CLIPPING,1,0.129,0.2286,0.1849,0.2992
syn_hcci_327_LOCAL_ILLUMINATION_ABNORMALITY_sev2,LOCAL_ILLUMINATION_ABNORMALITY,2,0.3199,0.4848,0.5819,0.4154
syn_hcci_327_CHARGING_LIKE_SYNTHETIC_ARTIFACT_sev1,CHARGING_LIKE_SYNTHETIC_ARTIFACT,1,0.8,0.8889,1.0,0.8
syn_hcci_328_OVEREXPOSURE_sev3,OVEREXPOSURE,3,0.0044,0.0089,0.0102,0.0078
syn_hcci_328_UNDEREXPOSURE_sev1,UNDEREXPOSURE,1,0.9427,0.9705,0.9751,0.9659
syn_hcci_328_CLIPPING_sev2,CLIPPING,2,0.1471,0.2565,0.3304,0.2096
syn_hcci_328_LOCAL_ILLUMINATION_ABNORMALITY_sev3,LOCAL_ILLUMINATION_ABNORMALITY,3,0.2418,0.3894,0.7549,0.2624
syn_hcci_328_CHARGING_LIKE_SYNTHETIC_ARTIFACT_sev2,CHARGING_LIKE_SYNTHETIC_ARTIFACT,2,0.8795,0.9359,0.9125,0.9605
syn_hcci_329_OVEREXPOSURE_sev1,OVEREXPOSURE,1,0.9375,0.9677,0.9604,0.9752
syn_hcci_329_UNDEREXPOSURE_sev2,UNDEREXPOSURE,2,0.9587,0.9789,0.979,0.9789
syn_hcci_329_CLIPPING_sev3,CLIPPING,3,0.0037,0.0074,0.0094,0.0061
syn_hcci_329_LOCAL_ILLUMINATION_ABNORMALITY_sev1,LOCAL_ILLUMINATION_ABNORMALITY,1,0.4005,0.572,0.992,0.4018
syn_hcci_329_CHARGING_LIKE_SYNTHETIC_ARTIFACT_sev3,CHARGING_LIKE_SYNTHETIC_ARTIFACT,3,0.9225,0.9597,0.9434,0.9766
syn_hcci_330_OVEREXPOSURE_sev2,OVEREXPOSURE,2,0.9533,0.9761,0.9712,0.981
syn_hcci_330_UNDEREXPOSURE_sev3,UNDEREXPOSURE,3,0.0089,0.0176,0.0217,0.0148
syn_hcci_330_CLIPPING_sev1,CLIPPING,1,0.0646,0.1214,0.1877,0.0897
syn_hcci_330_LOCAL_ILLUMINATION_ABNORMALITY_sev2,LOCAL_ILLUMINATION_ABNORMALITY,2,0.4252,0.5967,0.9312,0.439
syn_hcci_330_CHARGING_LIKE_SYNTHETIC_ARTIFACT_sev1,CHARGING_LIKE_SYNTHETIC_ARTIFACT,1,0.8,0.8889,1.0,0.8
syn_hcci_331_OVEREXPOSURE_sev3,OVEREXPOSURE,3,0.0034,0.0068,0.0081,0.0058
syn_hcci_331_UNDEREXPOSURE_sev1,UNDEREXPOSURE,1,0.9348,0.9663,0.9613,0.9713
syn_hcci_331_CLIPPING_sev2,CLIPPING,2,0.0231,0.0451,0.0501,0.0411
syn_hcci_331_LOCAL_ILLUMINATION_ABNORMALITY_sev3,LOCAL_ILLUMINATION_ABNORMALITY,3,0.0188,0.0369,0.1151,0.022
syn_hcci_331_CHARGING_LIKE_SYNTHETIC_ARTIFACT_sev2,CHARGING_LIKE_SYNTHETIC_ARTIFACT,2,0.9091,0.9524,0.9202,0.9868
syn_hcci_332_OVEREXPOSURE_sev1,OVEREXPOSURE,1,0.6797,0.8093,0.693,0.9726
syn_hcci_332_UNDEREXPOSURE_sev2,UNDEREXPOSURE,2,0.9587,0.9789,0.9718,0.9862
syn_hcci_332_CLIPPING_sev3,CLIPPING,3,0.0026,0.0053,0.0093,0.0037
syn_hcci_332_LOCAL_ILLUMINATION_ABNORMALITY_sev1,LOCAL_ILLUMINATION_ABNORMALITY,1,0.3559,0.525,0.5886,0.4737
syn_hcci_332_CHARGING_LIKE_SYNTHETIC_ARTIFACT_sev3,CHARGING_LIKE_SYNTHETIC_ARTIFACT,3,0.6495,0.7875,0.6562,0.9844
syn_hcci_333_OVEREXPOSURE_sev2,OVEREXPOSURE,2,0.9679,0.9837,0.9815,0.9859
syn_hcci_333_UNDEREXPOSURE_sev3,UNDEREXPOSURE,3,0.0069,0.0138,0.0171,0.0115
syn_hcci_333_CLIPPING_sev1,CLIPPING,1,0.1477,0.2574,0.3873,0.1928
syn_hcci_333_LOCAL_ILLUMINATION_ABNORMALITY_sev2,LOCAL_ILLUMINATION_ABNORMALITY,2,0.3508,0.5194,0.8384,0.3763
syn_hcci_333_CHARGING_LIKE_SYNTHETIC_ARTIFACT_sev1,CHARGING_LIKE_SYNTHETIC_ARTIFACT,1,0.7998,0.8888,0.9913,0.8055
syn_hcci_334_OVEREXPOSURE_sev3,OVEREXPOSURE,3,0.0044,0.0089,0.0116,0.0072
syn_hcci_334_UNDEREXPOSURE_sev1,UNDEREXPOSURE,1,0.9306,0.9641,0.9761,0.9523
syn_hcci_334_CLIPPING_sev2,CLIPPING,2,0.1618,0.2785,0.6318,0.1786
syn_hcci_334_LOCAL_ILLUMINATION_ABNORMALITY_sev3,LOCAL_ILLUMINATION_ABNORMALITY,3,0.0504,0.0959,0.4443,0.0538
syn_hcci_334_CHARGING_LIKE_SYNTHETIC_ARTIFACT_sev2,CHARGING_LIKE_SYNTHETIC_ARTIFACT,2,0.8567,0.9228,0.9025,0.9441
syn_hcci_335_OVEREXPOSURE_sev1,OVEREXPOSURE,1,0.6928,0.8185,0.6998,0.9857
syn_hcci_335_UNDEREXPOSURE_sev2,UNDEREXPOSURE,2,0.9669,0.9832,0.9821,0.9842
syn_hcci_335_CLIPPING_sev3,CLIPPING,3,0.0074,0.0146,0.0219,0.0109
syn_hcci_335_LOCAL_ILLUMINATION_ABNORMALITY_sev1,LOCAL_ILLUMINATION_ABNORMALITY,1,0.2671,0.4215,0.5734,0.3333
syn_hcci_335_CHARGING_LIKE_SYNTHETIC_ARTIFACT_sev3,CHARGING_LIKE_SYNTHETIC_ARTIFACT,3,0.7091,0.8298,0.7091,1.0
syn_hcci_336_OVEREXPOSURE_sev2,OVEREXPOSURE,2,0.9574,0.9782,0.9746,0.9819
syn_hcci_336_UNDEREXPOSURE_sev3,UNDEREXPOSURE,3,0.0076,0.0151,0.0181,0.013
syn_hcci_336_CLIPPING_sev1,CLIPPING,1,0.1498,0.2605,0.327,0.2165
syn_hcci_336_LOCAL_ILLUMINATION_ABNORMALITY_sev2,LOCAL_ILLUMINATION_ABNORMALITY,2,0.3018,0.4637,0.9,0.3123
syn_hcci_336_CHARGING_LIKE_SYNTHETIC_ARTIFACT_sev1,CHARGING_LIKE_SYNTHETIC_ARTIFACT,1,0.814,0.8975,0.8614,0.9367
syn_hcci_337_OVEREXPOSURE_sev3,OVEREXPOSURE,3,0.0176,0.0345,0.0482,0.0269
syn_hcci_337_UNDEREXPOSURE_sev1,UNDEREXPOSURE,1,0.5337,0.696,0.6089,0.8122
syn_hcci_337_CLIPPING_sev2,CLIPPING,2,0.1358,0.2392,0.4577,0.1619
syn_hcci_337_LOCAL_ILLUMINATION_ABNORMALITY_sev3,LOCAL_ILLUMINATION_ABNORMALITY,3,0.2635,0.4171,0.9257,0.2692
syn_hcci_337_CHARGING_LIKE_SYNTHETIC_ARTIFACT_sev2,CHARGING_LIKE_SYNTHETIC_ARTIFACT,2,0.8476,0.9175,0.9397,0.8964
syn_hcci_338_OVEREXPOSURE_sev1,OVEREXPOSURE,1,0.434,0.6053,0.9636,0.4412
syn_hcci_338_UNDEREXPOSURE_sev2,UNDEREXPOSURE,2,0.8016,0.8898,0.8115,0.9849
syn_hcci_338_CLIPPING_sev3,CLIPPING,3,0.0075,0.0149,0.0646,0.0084
syn_hcci_338_LOCAL_ILLUMINATION_ABNORMALITY_sev1,LOCAL_ILLUMINATION_ABNORMALITY,1,0.2474,0.3966,0.6051,0.295
syn_hcci_338_CHARGING_LIKE_SYNTHETIC_ARTIFACT_sev3,CHARGING_LIKE_SYNTHETIC_ARTIFACT,3,0.8707,0.9309,0.8707,1.0
syn_hcci_340_OVEREXPOSURE_sev2,OVEREXPOSURE,2,0.9606,0.9799,0.9825,0.9774
syn_hcci_340_UNDEREXPOSURE_sev3,UNDEREXPOSURE,3,0.0072,0.0142,0.0177,0.0119
syn_hcci_340_CLIPPING_sev1,CLIPPING,1,0.0136,0.0269,0.1486,0.0148
syn_hcci_340_LOCAL_ILLUMINATION_ABNORMALITY_sev2,LOCAL_ILLUMINATION_ABNORMALITY,2,0.3237,0.4891,0.8908,0.3371
syn_hcci_340_CHARGING_LIKE_SYNTHETIC_ARTIFACT_sev1,CHARGING_LIKE_SYNTHETIC_ARTIFACT,1,0.8,0.8889,1.0,0.8
syn_hcci_341_OVEREXPOSURE_sev3,OVEREXPOSURE,3,0.0051,0.0101,0.0128,0.0083
syn_hcci_341_UNDEREXPOSURE_sev1,UNDEREXPOSURE,1,0.937,0.9675,0.9721,0.9629
syn_hcci_341_CLIPPING_sev2,CLIPPING,2,0.1518,0.2635,0.2873,0.2434
syn_hcci_341_LOCAL_ILLUMINATION_ABNORMALITY_sev3,LOCAL_ILLUMINATION_ABNORMALITY,3,0.0001,0.0001,0.0008,0.0001
syn_hcci_341_CHARGING_LIKE_SYNTHETIC_ARTIFACT_sev2,CHARGING_LIKE_SYNTHETIC_ARTIFACT,2,0.95,0.9744,0.95,1.0
syn_hcci_342_OVEREXPOSURE_sev1,OVEREXPOSURE,1,0.9445,0.9715,0.9712,0.9717
syn_hcci_342_UNDEREXPOSURE_sev2,UNDEREXPOSURE,2,0.9588,0.979,0.9816,0.9764
syn_hcci_342_CLIPPING_sev3,CLIPPING,3,0.0047,0.0093,0.0124,0.0074
syn_hcci_342_LOCAL_ILLUMINATION_ABNORMALITY_sev1,LOCAL_ILLUMINATION_ABNORMALITY,1,0.339,0.5064,1.0,0.339
syn_hcci_342_CHARGING_LIKE_SYNTHETIC_ARTIFACT_sev3,CHARGING_LIKE_SYNTHETIC_ARTIFACT,3,1.0,1.0,1.0,1.0
syn_hcci_343_OVEREXPOSURE_sev2,OVEREXPOSURE,2,0.0096,0.0191,0.0234,0.0161
syn_hcci_343_UNDEREXPOSURE_sev3,UNDEREXPOSURE,3,0.0027,0.0055,0.0086,0.004
syn_hcci_343_CLIPPING_sev1,CLIPPING,1,0.0378,0.0728,0.052,0.1212
syn_hcci_343_LOCAL_ILLUMINATION_ABNORMALITY_sev2,LOCAL_ILLUMINATION_ABNORMALITY,2,0.2517,0.4021,0.8285,0.2655
syn_hcci_343_CHARGING_LIKE_SYNTHETIC_ARTIFACT_sev1,CHARGING_LIKE_SYNTHETIC_ARTIFACT,1,0.0794,0.1472,0.0902,0.3992
syn_hcci_344_OVEREXPOSURE_sev3,OVEREXPOSURE,3,0.006,0.0119,0.0308,0.0074
syn_hcci_344_UNDEREXPOSURE_sev1,UNDEREXPOSURE,1,0.5351,0.6971,0.5447,0.9679
syn_hcci_344_CLIPPING_sev2,CLIPPING,2,0.3031,0.4652,0.4259,0.5126
syn_hcci_344_LOCAL_ILLUMINATION_ABNORMALITY_sev3,LOCAL_ILLUMINATION_ABNORMALITY,3,0.2022,0.3363,0.9474,0.2044
syn_hcci_344_CHARGING_LIKE_SYNTHETIC_ARTIFACT_sev2,CHARGING_LIKE_SYNTHETIC_ARTIFACT,2,0.2562,0.4079,0.2715,0.8199
syn_hcci_345_OVEREXPOSURE_sev1,OVEREXPOSURE,1,0.9414,0.9698,0.972,0.9676
syn_hcci_345_UNDEREXPOSURE_sev2,UNDEREXPOSURE,2,0.9675,0.9835,0.9795,0.9874
syn_hcci_345_CLIPPING_sev3,CLIPPING,3,0.0018,0.0036,0.0216,0.002
syn_hcci_345_LOCAL_ILLUMINATION_ABNORMALITY_sev1,LOCAL_ILLUMINATION_ABNORMALITY,1,0.4144,0.586,1.0,0.4144
syn_hcci_345_CHARGING_LIKE_SYNTHETIC_ARTIFACT_sev3,CHARGING_LIKE_SYNTHETIC_ARTIFACT,3,0.9692,0.9844,0.9844,0.9844
syn_hcci_346_OVEREXPOSURE_sev2,OVEREXPOSURE,2,0.9569,0.978,0.9743,0.9816
syn_hcci_346_UNDEREXPOSURE_sev3,UNDEREXPOSURE,3,0.0064,0.0126,0.0155,0.0107
syn_hcci_346_CLIPPING_sev1,CLIPPING,1,0.0969,0.1767,0.3021,0.1248
syn_hcci_346_LOCAL_ILLUMINATION_ABNORMALITY_sev2,LOCAL_ILLUMINATION_ABNORMALITY,2,0.3558,0.5248,1.0,0.3558
syn_hcci_346_CHARGING_LIKE_SYNTHETIC_ARTIFACT_sev1,CHARGING_LIKE_SYNTHETIC_ARTIFACT,1,0.8333,0.9091,0.8333,1.0
syn_hcci_347_OVEREXPOSURE_sev3,OVEREXPOSURE,3,0.0024,0.0048,0.0062,0.0039
syn_hcci_347_UNDEREXPOSURE_sev1,UNDEREXPOSURE,1,0.9408,0.9695,0.9816,0.9576
syn_hcci_347_CLIPPING_sev2,CLIPPING,2,0.0345,0.0667,0.0812,0.0565
syn_hcci_347_LOCAL_ILLUMINATION_ABNORMALITY_sev3,LOCAL_ILLUMINATION_ABNORMALITY,3,0.001,0.002,0.0161,0.0011
syn_hcci_347_CHARGING_LIKE_SYNTHETIC_ARTIFACT_sev2,CHARGING_LIKE_SYNTHETIC_ARTIFACT,2,0.6649,0.7987,0.6817,0.9642
syn_hcci_348_OVEREXPOSURE_sev1,OVEREXPOSURE,1,0.9431,0.9707,0.9634,0.9782
syn_hcci_348_UNDEREXPOSURE_sev2,UNDEREXPOSURE,2,0.9624,0.9808,0.9781,0.9836
syn_hcci_348_CLIPPING_sev3,CLIPPING,3,0.0037,0.0073,0.0089,0.0062
syn_hcci_348_LOCAL_ILLUMINATION_ABNORMALITY_sev1,LOCAL_ILLUMINATION_ABNORMALITY,1,0.4294,0.6008,1.0,0.4294
syn_hcci_348_CHARGING_LIKE_SYNTHETIC_ARTIFACT_sev3,CHARGING_LIKE_SYNTHETIC_ARTIFACT,3,0.9845,0.9922,0.9922,0.9922
syn_hcci_349_OVEREXPOSURE_sev2,OVEREXPOSURE,2,0.9565,0.9778,0.9695,0.9862
syn_hcci_349_UNDEREXPOSURE_sev3,UNDEREXPOSURE,3,0.0023,0.0046,0.0055,0.0039
syn_hcci_349_CLIPPING_sev1,CLIPPING,1,0.0802,0.1485,0.1567,0.1412
syn_hcci_349_LOCAL_ILLUMINATION_ABNORMALITY_sev2,LOCAL_ILLUMINATION_ABNORMALITY,2,0.1783,0.3027,0.4646,0.2245
syn_hcci_349_CHARGING_LIKE_SYNTHETIC_ARTIFACT_sev1,CHARGING_LIKE_SYNTHETIC_ARTIFACT,1,0.8,0.8889,0.8,1.0
syn_hcci_350_OVEREXPOSURE_sev3,OVEREXPOSURE,3,0.0059,0.0118,0.0157,0.0095
syn_hcci_350_UNDEREXPOSURE_sev1,UNDEREXPOSURE,1,0.9134,0.9547,0.9429,0.9668
syn_hcci_350_CLIPPING_sev2,CLIPPING,2,0.0,0.0,0.0,0.0
syn_hcci_350_LOCAL_ILLUMINATION_ABNORMALITY_sev3,LOCAL_ILLUMINATION_ABNORMALITY,3,0.2555,0.407,0.6532,0.2956
syn_hcci_350_CHARGING_LIKE_SYNTHETIC_ARTIFACT_sev2,CHARGING_LIKE_SYNTHETIC_ARTIFACT,2,0.95,0.9744,0.95,1.0
syn_hcci_351_OVEREXPOSURE_sev1,OVEREXPOSURE,1,0.942,0.9701,0.9723,0.9679
syn_hcci_351_UNDEREXPOSURE_sev2,UNDEREXPOSURE,2,0.9614,0.9803,0.9788,0.9818
syn_hcci_351_CLIPPING_sev3,CLIPPING,3,0.2922,0.4522,0.6011,0.3624
syn_hcci_351_LOCAL_ILLUMINATION_ABNORMALITY_sev1,LOCAL_ILLUMINATION_ABNORMALITY,1,0.423,0.5945,1.0,0.423
syn_hcci_351_CHARGING_LIKE_SYNTHETIC_ARTIFACT_sev3,CHARGING_LIKE_SYNTHETIC_ARTIFACT,3,0.8963,0.9453,0.9453,0.9453
syn_hcci_352_OVEREXPOSURE_sev2,OVEREXPOSURE,2,0.9618,0.9806,0.9773,0.9838
syn_hcci_352_UNDEREXPOSURE_sev3,UNDEREXPOSURE,3,0.0077,0.0153,0.0186,0.013
syn_hcci_352_CLIPPING_sev1,CLIPPING,1,0.1326,0.2342,0.2065,0.2704
syn_hcci_352_LOCAL_ILLUMINATION_ABNORMALITY_sev2,LOCAL_ILLUMINATION_ABNORMALITY,2,0.4632,0.6332,1.0,0.4632
syn_hcci_352_CHARGING_LIKE_SYNTHETIC_ARTIFACT_sev1,CHARGING_LIKE_SYNTHETIC_ARTIFACT,1,0.8,0.8889,1.0,0.8
syn_hcci_353_OVEREXPOSURE_sev3,OVEREXPOSURE,3,0.0054,0.0107,0.0148,0.0084
syn_hcci_353_UNDEREXPOSURE_sev1,UNDEREXPOSURE,1,0.9432,0.9708,0.9658,0.9758
syn_hcci_353_CLIPPING_sev2,CLIPPING,2,0.2723,0.4281,0.4124,0.4449
syn_hcci_353_LOCAL_ILLUMINATION_ABNORMALITY_sev3,LOCAL_ILLUMINATION_ABNORMALITY,3,0.0147,0.0291,0.086,0.0175
syn_hcci_353_CHARGING_LIKE_SYNTHETIC_ARTIFACT_sev2,CHARGING_LIKE_SYNTHETIC_ARTIFACT,2,0.8571,0.9231,0.9,0.9474
syn_hcci_354_OVEREXPOSURE_sev1,OVEREXPOSURE,1,0.8014,0.8897,0.9737,0.8191
syn_hcci_354_UNDEREXPOSURE_sev2,UNDEREXPOSURE,2,0.9443,0.9714,0.9471,0.9969
syn_hcci_354_CLIPPING_sev3,CLIPPING,3,0.3169,0.4813,0.5545,0.4251
syn_hcci_354_LOCAL_ILLUMINATION_ABNORMALITY_sev1,LOCAL_ILLUMINATION_ABNORMALITY,1,0.2119,0.3497,0.3283,0.3742
syn_hcci_354_CHARGING_LIKE_SYNTHETIC_ARTIFACT_sev3,CHARGING_LIKE_SYNTHETIC_ARTIFACT,3,0.8907,0.9422,0.9018,0.9863
syn_hcci_355_OVEREXPOSURE_sev2,OVEREXPOSURE,2,0.0064,0.0127,0.0203,0.0093
syn_hcci_355_UNDEREXPOSURE_sev3,UNDEREXPOSURE,3,0.0026,0.0052,0.007,0.0041
syn_hcci_355_CLIPPING_sev1,CLIPPING,1,0.0018,0.0036,0.0028,0.005
syn_hcci_355_LOCAL_ILLUMINATION_ABNORMALITY_sev2,LOCAL_ILLUMINATION_ABNORMALITY,2,0.0051,0.0101,0.0185,0.0069
syn_hcci_355_CHARGING_LIKE_SYNTHETIC_ARTIFACT_sev1,CHARGING_LIKE_SYNTHETIC_ARTIFACT,1,0.1845,0.3115,0.186,0.9578
syn_hcci_356_OVEREXPOSURE_sev3,OVEREXPOSURE,3,0.0027,0.0054,0.012,0.0035
syn_hcci_356_UNDEREXPOSURE_sev1,UNDEREXPOSURE,1,0.361,0.5305,0.3625,0.9888
syn_hcci_356_CLIPPING_sev2,CLIPPING,2,0.0543,0.103,0.1128,0.0947
syn_hcci_356_LOCAL_ILLUMINATION_ABNORMALITY_sev3,LOCAL_ILLUMINATION_ABNORMALITY,3,0.09,0.1652,0.5648,0.0967
syn_hcci_356_CHARGING_LIKE_SYNTHETIC_ARTIFACT_sev2,CHARGING_LIKE_SYNTHETIC_ARTIFACT,2,0.3282,0.4942,0.3497,0.8421
syn_hcci_357_OVEREXPOSURE_sev1,OVEREXPOSURE,1,0.9083,0.952,0.9271,0.9782
syn_hcci_357_UNDEREXPOSURE_sev2,UNDEREXPOSURE,2,0.9684,0.9839,0.9848,0.9831
syn_hcci_357_CLIPPING_sev3,CLIPPING,3,0.0177,0.0347,0.193,0.0191
syn_hcci_357_LOCAL_ILLUMINATION_ABNORMALITY_sev1,LOCAL_ILLUMINATION_ABNORMALITY,1,0.3239,0.4893,0.8972,0.3364
syn_hcci_357_CHARGING_LIKE_SYNTHETIC_ARTIFACT_sev3,CHARGING_LIKE_SYNTHETIC_ARTIFACT,3,0.9055,0.9504,0.9291,0.9727
syn_hcci_358_OVEREXPOSURE_sev2,OVEREXPOSURE,2,0.9568,0.9779,0.9755,0.9804
syn_hcci_358_UNDEREXPOSURE_sev3,UNDEREXPOSURE,3,0.0056,0.0111,0.012,0.0104
syn_hcci_358_CLIPPING_sev1,CLIPPING,1,0.1434,0.2508,0.3302,0.2021
syn_hcci_358_LOCAL_ILLUMINATION_ABNORMALITY_sev2,LOCAL_ILLUMINATION_ABNORMALITY,2,0.4236,0.5951,0.9431,0.4347
syn_hcci_358_CHARGING_LIKE_SYNTHETIC_ARTIFACT_sev1,CHARGING_LIKE_SYNTHETIC_ARTIFACT,1,0.814,0.8975,0.8614,0.9367
syn_hcci_359_OVEREXPOSURE_sev3,OVEREXPOSURE,3,0.0034,0.0068,0.0079,0.006
syn_hcci_359_UNDEREXPOSURE_sev1,UNDEREXPOSURE,1,0.9217,0.9592,0.952,0.9666
syn_hcci_359_CLIPPING_sev2,CLIPPING,2,0.1955,0.3271,0.328,0.3262
syn_hcci_359_LOCAL_ILLUMINATION_ABNORMALITY_sev3,LOCAL_ILLUMINATION_ABNORMALITY,3,0.101,0.1835,0.5504,0.1101
syn_hcci_359_CHARGING_LIKE_SYNTHETIC_ARTIFACT_sev2,CHARGING_LIKE_SYNTHETIC_ARTIFACT,2,0.5101,0.6756,0.5225,0.9556
syn_hcci_360_OVEREXPOSURE_sev1,OVEREXPOSURE,1,0.6652,0.7989,0.8744,0.7355
syn_hcci_360_UNDEREXPOSURE_sev2,UNDEREXPOSURE,2,0.8707,0.9309,0.8772,0.9915
syn_hcci_360_CLIPPING_sev3,CLIPPING,3,0.1188,0.2124,0.3589,0.1509
syn_hcci_360_LOCAL_ILLUMINATION_ABNORMALITY_sev1,LOCAL_ILLUMINATION_ABNORMALITY,1,0.2318,0.3763,0.4072,0.3498
syn_hcci_360_CHARGING_LIKE_SYNTHETIC_ARTIFACT_sev3,CHARGING_LIKE_SYNTHETIC_ARTIFACT,3,0.8871,0.9402,0.8953,0.9897
syn_hcci_361_OVEREXPOSURE_sev2,OVEREXPOSURE,2,0.9389,0.9685,0.9902,0.9477
syn_hcci_361_UNDEREXPOSURE_sev3,UNDEREXPOSURE,3,0.0025,0.005,0.0058,0.0044
syn_hcci_361_CLIPPING_sev1,CLIPPING,1,0.0323,0.0625,0.1173,0.0426
syn_hcci_361_LOCAL_ILLUMINATION_ABNORMALITY_sev2,LOCAL_ILLUMINATION_ABNORMALITY,2,0.2446,0.3931,0.6928,0.2744
syn_hcci_361_CHARGING_LIKE_SYNTHETIC_ARTIFACT_sev1,CHARGING_LIKE_SYNTHETIC_ARTIFACT,1,0.7943,0.8854,0.9026,0.8688
syn_hcci_362_OVEREXPOSURE_sev3,OVEREXPOSURE,3,0.0056,0.0111,0.0141,0.0091
syn_hcci_362_UNDEREXPOSURE_sev1,UNDEREXPOSURE,1,0.8131,0.8969,0.8286,0.9775
syn_hcci_362_CLIPPING_sev2,CLIPPING,2,0.043,0.0824,0.26,0.049
syn_hcci_362_LOCAL_ILLUMINATION_ABNORMALITY_sev3,LOCAL_ILLUMINATION_ABNORMALITY,3,0.2299,0.3738,0.688,0.2566
syn_hcci_362_CHARGING_LIKE_SYNTHETIC_ARTIFACT_sev2,CHARGING_LIKE_SYNTHETIC_ARTIFACT,2,0.8421,0.9143,1.0,0.8421
syn_hcci_363_OVEREXPOSURE_sev1,OVEREXPOSURE,1,0.9407,0.9695,0.9842,0.9552
syn_hcci_363_UNDEREXPOSURE_sev2,UNDEREXPOSURE,2,0.9681,0.9838,0.9816,0.986
syn_hcci_363_CLIPPING_sev3,CLIPPING,3,0.1134,0.2037,0.6183,0.122
syn_hcci_363_LOCAL_ILLUMINATION_ABNORMALITY_sev1,LOCAL_ILLUMINATION_ABNORMALITY,1,0.4137,0.5853,1.0,0.4137
syn_hcci_363_CHARGING_LIKE_SYNTHETIC_ARTIFACT_sev3,CHARGING_LIKE_SYNTHETIC_ARTIFACT,3,0.9845,0.9922,0.9922,0.9922
syn_hcci_364_OVEREXPOSURE_sev2,OVEREXPOSURE,2,0.9691,0.9843,0.9844,0.9842
syn_hcci_364_UNDEREXPOSURE_sev3,UNDEREXPOSURE,3,0.006,0.0119,0.0147,0.01
syn_hcci_364_CLIPPING_sev1,CLIPPING,1,0.0989,0.1799,0.3342,0.1231
syn_hcci_364_LOCAL_ILLUMINATION_ABNORMALITY_sev2,LOCAL_ILLUMINATION_ABNORMALITY,2,0.3626,0.5322,0.8358,0.3904
syn_hcci_364_CHARGING_LIKE_SYNTHETIC_ARTIFACT_sev1,CHARGING_LIKE_SYNTHETIC_ARTIFACT,1,0.8,0.8889,1.0,0.8
syn_hcci_365_OVEREXPOSURE_sev3,OVEREXPOSURE,3,0.0056,0.0111,0.0135,0.0093
syn_hcci_365_UNDEREXPOSURE_sev1,UNDEREXPOSURE,1,0.9443,0.9714,0.9711,0.9716
syn_hcci_365_CLIPPING_sev2,CLIPPING,2,0.0831,0.1535,0.4566,0.0922
syn_hcci_365_LOCAL_ILLUMINATION_ABNORMALITY_sev3,LOCAL_ILLUMINATION_ABNORMALITY,3,0.0406,0.0781,0.1912,0.0491
syn_hcci_365_CHARGING_LIKE_SYNTHETIC_ARTIFACT_sev2,CHARGING_LIKE_SYNTHETIC_ARTIFACT,2,0.95,0.9744,0.95,1.0
syn_hcci_366_OVEREXPOSURE_sev1,OVEREXPOSURE,1,0.9394,0.9688,0.9835,0.9545
syn_hcci_366_UNDEREXPOSURE_sev2,UNDEREXPOSURE,2,0.9574,0.9782,0.9732,0.9833
syn_hcci_366_CLIPPING_sev3,CLIPPING,3,0.0607,0.1145,0.7617,0.0619
syn_hcci_366_LOCAL_ILLUMINATION_ABNORMALITY_sev1,LOCAL_ILLUMINATION_ABNORMALITY,1,0.4193,0.5908,1.0,0.4193
syn_hcci_366_CHARGING_LIKE_SYNTHETIC_ARTIFACT_sev3,CHARGING_LIKE_SYNTHETIC_ARTIFACT,3,0.9104,0.9531,0.9531,0.9531
syn_hcci_367_OVEREXPOSURE_sev2,OVEREXPOSURE,2,0.8288,0.9064,0.9426,0.8729
syn_hcci_367_UNDEREXPOSURE_sev3,UNDEREXPOSURE,3,0.0072,0.0142,0.0199,0.011
syn_hcci_367_CLIPPING_sev1,CLIPPING,1,0.1272,0.2257,0.2582,0.2005
syn_hcci_367_LOCAL_ILLUMINATION_ABNORMALITY_sev2,LOCAL_ILLUMINATION_ABNORMALITY,2,0.124,0.2206,0.5346,0.139
syn_hcci_367_CHARGING_LIKE_SYNTHETIC_ARTIFACT_sev1,CHARGING_LIKE_SYNTHETIC_ARTIFACT,1,0.6932,0.8188,0.7774,0.8648
syn_hcci_368_OVEREXPOSURE_sev3,OVEREXPOSURE,3,0.0039,0.0079,0.0094,0.0068
syn_hcci_368_UNDEREXPOSURE_sev1,UNDEREXPOSURE,1,0.9163,0.9563,0.9445,0.9684
syn_hcci_368_CLIPPING_sev2,CLIPPING,2,0.134,0.2364,0.4198,0.1645
syn_hcci_368_LOCAL_ILLUMINATION_ABNORMALITY_sev3,LOCAL_ILLUMINATION_ABNORMALITY,3,0.0241,0.047,0.3587,0.0252
syn_hcci_368_CHARGING_LIKE_SYNTHETIC_ARTIFACT_sev2,CHARGING_LIKE_SYNTHETIC_ARTIFACT,2,0.8509,0.9194,0.8806,0.9618
syn_hcci_369_OVEREXPOSURE_sev1,OVEREXPOSURE,1,0.9424,0.9704,0.975,0.9657
syn_hcci_369_UNDEREXPOSURE_sev2,UNDEREXPOSURE,2,0.9525,0.9757,0.9757,0.9756
syn_hcci_369_CLIPPING_sev3,CLIPPING,3,0.1326,0.2341,0.4139,0.1632
syn_hcci_369_LOCAL_ILLUMINATION_ABNORMALITY_sev1,LOCAL_ILLUMINATION_ABNORMALITY,1,0.4337,0.605,1.0,0.4337
syn_hcci_369_CHARGING_LIKE_SYNTHETIC_ARTIFACT_sev3,CHARGING_LIKE_SYNTHETIC_ARTIFACT,3,0.9542,0.9766,0.9766,0.9766
syn_hcci_370_OVEREXPOSURE_sev2,OVEREXPOSURE,2,0.9574,0.9782,0.9779,0.9785
syn_hcci_370_UNDEREXPOSURE_sev3,UNDEREXPOSURE,3,0.005,0.0099,0.013,0.0079
syn_hcci_370_CLIPPING_sev1,CLIPPING,1,0.0157,0.0308,0.0267,0.0366
syn_hcci_370_LOCAL_ILLUMINATION_ABNORMALITY_sev2,LOCAL_ILLUMINATION_ABNORMALITY,2,0.2946,0.4551,0.7817,0.321
syn_hcci_370_CHARGING_LIKE_SYNTHETIC_ARTIFACT_sev1,CHARGING_LIKE_SYNTHETIC_ARTIFACT,1,0.8261,0.9048,0.8636,0.95
syn_hcci_371_OVEREXPOSURE_sev3,OVEREXPOSURE,3,0.0058,0.0116,0.014,0.0098
syn_hcci_371_UNDEREXPOSURE_sev1,UNDEREXPOSURE,1,0.9468,0.9727,0.9584,0.9874
syn_hcci_371_CLIPPING_sev2,CLIPPING,2,0.2503,0.4004,0.676,0.2844
syn_hcci_371_LOCAL_ILLUMINATION_ABNORMALITY_sev3,LOCAL_ILLUMINATION_ABNORMALITY,3,0.0854,0.1573,0.6777,0.089
syn_hcci_371_CHARGING_LIKE_SYNTHETIC_ARTIFACT_sev2,CHARGING_LIKE_SYNTHETIC_ARTIFACT,2,0.9259,0.9615,0.9375,0.9868
syn_hcci_372_OVEREXPOSURE_sev1,OVEREXPOSURE,1,0.9431,0.9707,0.9778,0.9637
syn_hcci_372_UNDEREXPOSURE_sev2,UNDEREXPOSURE,2,0.9531,0.976,0.976,0.9759
syn_hcci_372_CLIPPING_sev3,CLIPPING,3,0.067,0.1256,0.3533,0.0764
syn_hcci_372_LOCAL_ILLUMINATION_ABNORMALITY_sev1,LOCAL_ILLUMINATION_ABNORMALITY,1,0.4717,0.6411,1.0,0.4717
syn_hcci_372_CHARGING_LIKE_SYNTHETIC_ARTIFACT_sev3,CHARGING_LIKE_SYNTHETIC_ARTIFACT,3,1.0,1.0,1.0,1.0
syn_hcci_373_OVEREXPOSURE_sev2,OVEREXPOSURE,2,0.6939,0.8193,0.9874,0.7001
syn_hcci_373_UNDEREXPOSURE_sev3,UNDEREXPOSURE,3,0.0011,0.0021,0.0024,0.0019
syn_hcci_373_CLIPPING_sev1,CLIPPING,1,0.0987,0.1797,0.1824,0.177
syn_hcci_373_LOCAL_ILLUMINATION_ABNORMALITY_sev2,LOCAL_ILLUMINATION_ABNORMALITY,2,0.2017,0.3356,0.6655,0.2244
syn_hcci_373_CHARGING_LIKE_SYNTHETIC_ARTIFACT_sev1,CHARGING_LIKE_SYNTHETIC_ARTIFACT,1,0.5335,0.6958,0.7897,0.6219
syn_hcci_374_OVEREXPOSURE_sev3,OVEREXPOSURE,3,0.0066,0.0131,0.0161,0.011
syn_hcci_374_UNDEREXPOSURE_sev1,UNDEREXPOSURE,1,0.7274,0.8422,0.7416,0.9745
syn_hcci_374_CLIPPING_sev2,CLIPPING,2,0.0255,0.0498,0.1188,0.0315
syn_hcci_374_LOCAL_ILLUMINATION_ABNORMALITY_sev3,LOCAL_ILLUMINATION_ABNORMALITY,3,0.1401,0.2457,0.5777,0.1561
syn_hcci_374_CHARGING_LIKE_SYNTHETIC_ARTIFACT_sev2,CHARGING_LIKE_SYNTHETIC_ARTIFACT,2,0.9024,0.9487,0.925,0.9737
syn_hcci_375_OVEREXPOSURE_sev1,OVEREXPOSURE,1,0.9405,0.9693,0.9643,0.9744
syn_hcci_375_UNDEREXPOSURE_sev2,UNDEREXPOSURE,2,0.9589,0.979,0.9779,0.9802
syn_hcci_375_CLIPPING_sev3,CLIPPING,3,0.008,0.0159,0.022,0.0125
syn_hcci_375_LOCAL_ILLUMINATION_ABNORMALITY_sev1,LOCAL_ILLUMINATION_ABNORMALITY,1,0.4133,0.5848,1.0,0.4133
syn_hcci_375_CHARGING_LIKE_SYNTHETIC_ARTIFACT_sev3,CHARGING_LIKE_SYNTHETIC_ARTIFACT,3,0.9542,0.9766,0.9766,0.9766
syn_hcci_376_OVEREXPOSURE_sev2,OVEREXPOSURE,2,0.9602,0.9797,0.9747,0.9848
syn_hcci_376_UNDEREXPOSURE_sev3,UNDEREXPOSURE,3,0.0075,0.0149,0.0186,0.0124
syn_hcci_376_CLIPPING_sev1,CLIPPING,1,0.0187,0.0366,0.1452,0.021
syn_hcci_376_LOCAL_ILLUMINATION_ABNORMALITY_sev2,LOCAL_ILLUMINATION_ABNORMALITY,2,0.346,0.5141,0.6595,0.4213
syn_hcci_376_CHARGING_LIKE_SYNTHETIC_ARTIFACT_sev1,CHARGING_LIKE_SYNTHETIC_ARTIFACT,1,0.8333,0.9091,0.8333,1.0
syn_hcci_377_OVEREXPOSURE_sev3,OVEREXPOSURE,3,0.003,0.006,0.0061,0.0059
syn_hcci_377_UNDEREXPOSURE_sev1,UNDEREXPOSURE,1,0.9433,0.9708,0.973,0.9686
syn_hcci_377_CLIPPING_sev2,CLIPPING,2,0.0311,0.0603,0.5457,0.0319
syn_hcci_377_LOCAL_ILLUMINATION_ABNORMALITY_sev3,LOCAL_ILLUMINATION_ABNORMALITY,3,0.093,0.1702,0.7216,0.0965
syn_hcci_377_CHARGING_LIKE_SYNTHETIC_ARTIFACT_sev2,CHARGING_LIKE_SYNTHETIC_ARTIFACT,2,0.8795,0.9359,0.9125,0.9605
syn_hcci_378_OVEREXPOSURE_sev1,OVEREXPOSURE,1,0.9421,0.9702,0.9749,0.9656
syn_hcci_378_UNDEREXPOSURE_sev2,UNDEREXPOSURE,2,0.9521,0.9755,0.9743,0.9766
syn_hcci_378_CLIPPING_sev3,CLIPPING,3,0.0082,0.0162,0.8301,0.0082
syn_hcci_378_LOCAL_ILLUMINATION_ABNORMALITY_sev1,LOCAL_ILLUMINATION_ABNORMALITY,1,0.3519,0.5206,1.0,0.3519
syn_hcci_378_CHARGING_LIKE_SYNTHETIC_ARTIFACT_sev3,CHARGING_LIKE_SYNTHETIC_ARTIFACT,3,0.8885,0.941,0.8916,0.9961
syn_hcci_379_OVEREXPOSURE_sev2,OVEREXPOSURE,2,0.2294,0.3731,0.8298,0.2407
syn_hcci_379_UNDEREXPOSURE_sev3,UNDEREXPOSURE,3,0.0012,0.0024,0.0057,0.0015
syn_hcci_379_CLIPPING_sev1,CLIPPING,1,0.0,0.0,0.0,0.0
syn_hcci_379_LOCAL_ILLUMINATION_ABNORMALITY_sev2,LOCAL_ILLUMINATION_ABNORMALITY,2,0.3482,0.5165,0.5923,0.4579
syn_hcci_379_CHARGING_LIKE_SYNTHETIC_ARTIFACT_sev1,CHARGING_LIKE_SYNTHETIC_ARTIFACT,1,0.4921,0.6596,0.7623,0.5813
syn_hcci_380_OVEREXPOSURE_sev3,OVEREXPOSURE,3,0.3875,0.5586,0.7295,0.4525
syn_hcci_380_UNDEREXPOSURE_sev1,UNDEREXPOSURE,1,0.5153,0.6802,0.5807,0.8208
syn_hcci_380_CLIPPING_sev2,CLIPPING,2,0.0072,0.0144,0.0312,0.0094
syn_hcci_380_LOCAL_ILLUMINATION_ABNORMALITY_sev3,LOCAL_ILLUMINATION_ABNORMALITY,3,0.0974,0.1774,0.9802,0.0976
syn_hcci_380_CHARGING_LIKE_SYNTHETIC_ARTIFACT_sev2,CHARGING_LIKE_SYNTHETIC_ARTIFACT,2,0.8414,0.9139,0.9871,0.8507
syn_hcci_381_OVEREXPOSURE_sev1,OVEREXPOSURE,1,0.9459,0.9722,0.9602,0.9845
syn_hcci_381_UNDEREXPOSURE_sev2,UNDEREXPOSURE,2,0.9658,0.9826,0.9805,0.9847
syn_hcci_381_CLIPPING_sev3,CLIPPING,3,0.0033,0.0066,0.0087,0.0053
syn_hcci_381_LOCAL_ILLUMINATION_ABNORMALITY_sev1,LOCAL_ILLUMINATION_ABNORMALITY,1,0.4585,0.6287,1.0,0.4585
syn_hcci_381_CHARGING_LIKE_SYNTHETIC_ARTIFACT_sev3,CHARGING_LIKE_SYNTHETIC_ARTIFACT,3,0.8925,0.9432,0.9154,0.9727
syn_hcci_382_OVEREXPOSURE_sev2,OVEREXPOSURE,2,0.9562,0.9776,0.974,0.9813
syn_hcci_382_UNDEREXPOSURE_sev3,UNDEREXPOSURE,3,0.0086,0.017,0.0235,0.0134
syn_hcci_382_CLIPPING_sev1,CLIPPING,1,0.013,0.0258,0.0265,0.0251
syn_hcci_382_LOCAL_ILLUMINATION_ABNORMALITY_sev2,LOCAL_ILLUMINATION_ABNORMALITY,2,0.4399,0.611,0.9637,0.4473
syn_hcci_382_CHARGING_LIKE_SYNTHETIC_ARTIFACT_sev1,CHARGING_LIKE_SYNTHETIC_ARTIFACT,1,0.8,0.8889,1.0,0.8
syn_hcci_383_OVEREXPOSURE_sev3,OVEREXPOSURE,3,0.0041,0.0081,0.009,0.0074
syn_hcci_383_UNDEREXPOSURE_sev1,UNDEREXPOSURE,1,0.9301,0.9638,0.9636,0.964
syn_hcci_383_CLIPPING_sev2,CLIPPING,2,0.239,0.3858,0.3783,0.3937
syn_hcci_383_LOCAL_ILLUMINATION_ABNORMALITY_sev3,LOCAL_ILLUMINATION_ABNORMALITY,3,0.0501,0.0954,0.2963,0.0569
syn_hcci_383_CHARGING_LIKE_SYNTHETIC_ARTIFACT_sev2,CHARGING_LIKE_SYNTHETIC_ARTIFACT,2,0.95,0.9744,0.95,1.0
syn_hcci_384_OVEREXPOSURE_sev1,OVEREXPOSURE,1,0.9383,0.9682,0.9778,0.9587
syn_hcci_384_UNDEREXPOSURE_sev2,UNDEREXPOSURE,2,0.9626,0.9809,0.9777,0.9842
syn_hcci_384_CLIPPING_sev3,CLIPPING,3,0.1996,0.3328,0.5851,0.2325
syn_hcci_384_LOCAL_ILLUMINATION_ABNORMALITY_sev1,LOCAL_ILLUMINATION_ABNORMALITY,1,0.3088,0.4719,1.0,0.3088
syn_hcci_384_CHARGING_LIKE_SYNTHETIC_ARTIFACT_sev3,CHARGING_LIKE_SYNTHETIC_ARTIFACT,3,0.9248,0.9609,0.9609,0.9609
syn_hcci_385_OVEREXPOSURE_sev2,OVEREXPOSURE,2,0.9608,0.98,0.9757,0.9843
syn_hcci_385_UNDEREXPOSURE_sev3,UNDEREXPOSURE,3,0.0021,0.0041,0.0058,0.0032
syn_hcci_385_CLIPPING_sev1,CLIPPING,1,0.0,0.0,0.0,0.0
syn_hcci_385_LOCAL_ILLUMINATION_ABNORMALITY_sev2,LOCAL_ILLUMINATION_ABNORMALITY,2,0.1543,0.2674,0.5573,0.1759
syn_hcci_385_CHARGING_LIKE_SYNTHETIC_ARTIFACT_sev1,CHARGING_LIKE_SYNTHETIC_ARTIFACT,1,0.5981,0.7485,0.7033,0.8
syn_hcci_386_OVEREXPOSURE_sev3,OVEREXPOSURE,3,0.0051,0.0102,0.0124,0.0086
syn_hcci_386_UNDEREXPOSURE_sev1,UNDEREXPOSURE,1,0.7984,0.8879,0.8203,0.9677
syn_hcci_386_CLIPPING_sev2,CLIPPING,2,0.0,0.0,0.0,0.0
syn_hcci_386_LOCAL_ILLUMINATION_ABNORMALITY_sev3,LOCAL_ILLUMINATION_ABNORMALITY,3,0.247,0.3961,0.7897,0.2644
syn_hcci_386_CHARGING_LIKE_SYNTHETIC_ARTIFACT_sev2,CHARGING_LIKE_SYNTHETIC_ARTIFACT,2,0.9259,0.9615,0.9375,0.9868
syn_hcci_387_OVEREXPOSURE_sev1,OVEREXPOSURE,1,0.9402,0.9692,0.9666,0.9718
syn_hcci_387_UNDEREXPOSURE_sev2,UNDEREXPOSURE,2,0.9602,0.9797,0.9822,0.9771
syn_hcci_387_CLIPPING_sev3,CLIPPING,3,0.0053,0.0106,0.0153,0.0081
syn_hcci_387_LOCAL_ILLUMINATION_ABNORMALITY_sev1,LOCAL_ILLUMINATION_ABNORMALITY,1,0.3629,0.5325,1.0,0.3629
syn_hcci_387_CHARGING_LIKE_SYNTHETIC_ARTIFACT_sev3,CHARGING_LIKE_SYNTHETIC_ARTIFACT,3,0.8956,0.9449,0.9394,0.9504
syn_hcci_388_OVEREXPOSURE_sev2,OVEREXPOSURE,2,0.9567,0.9779,0.9742,0.9815
syn_hcci_388_UNDEREXPOSURE_sev3,UNDEREXPOSURE,3,0.0068,0.0135,0.0168,0.0113
syn_hcci_388_CLIPPING_sev1,CLIPPING,1,0.0133,0.0262,0.2012,0.014
syn_hcci_388_LOCAL_ILLUMINATION_ABNORMALITY_sev2,LOCAL_ILLUMINATION_ABNORMALITY,2,0.2966,0.4576,0.75,0.3292
syn_hcci_388_CHARGING_LIKE_SYNTHETIC_ARTIFACT_sev1,CHARGING_LIKE_SYNTHETIC_ARTIFACT,1,0.8,0.8889,1.0,0.8
syn_hcci_389_OVEREXPOSURE_sev3,OVEREXPOSURE,3,0.0015,0.0031,0.0044,0.0024
syn_hcci_389_UNDEREXPOSURE_sev1,UNDEREXPOSURE,1,0.8402,0.9132,0.8643,0.9679
syn_hcci_389_CLIPPING_sev2,CLIPPING,2,0.1117,0.201,0.357,0.1399
syn_hcci_389_LOCAL_ILLUMINATION_ABNORMALITY_sev3,LOCAL_ILLUMINATION_ABNORMALITY,3,0.0369,0.0711,0.5493,0.038
syn_hcci_389_CHARGING_LIKE_SYNTHETIC_ARTIFACT_sev2,CHARGING_LIKE_SYNTHETIC_ARTIFACT,2,0.4959,0.663,0.5058,0.9618
syn_hcci_390_OVEREXPOSURE_sev1,OVEREXPOSURE,1,0.5087,0.6743,0.5716,0.8222
syn_hcci_390_UNDEREXPOSURE_sev2,UNDEREXPOSURE,2,0.6675,0.8006,0.672,0.99
syn_hcci_390_CLIPPING_sev3,CLIPPING,3,0.0977,0.178,0.5867,0.1049
syn_hcci_390_LOCAL_ILLUMINATION_ABNORMALITY_sev1,LOCAL_ILLUMINATION_ABNORMALITY,1,0.0529,0.1005,0.1845,0.0691
syn_hcci_390_CHARGING_LIKE_SYNTHETIC_ARTIFACT_sev3,CHARGING_LIKE_SYNTHETIC_ARTIFACT,3,0.638,0.779,0.6627,0.9448
syn_hcci_391_OVEREXPOSURE_sev2,OVEREXPOSURE,2,0.0047,0.0093,0.0132,0.0072
syn_hcci_391_UNDEREXPOSURE_sev3,UNDEREXPOSURE,3,0.0021,0.0043,0.005,0.0038
syn_hcci_391_CLIPPING_sev1,CLIPPING,1,0.0606,0.1143,0.0899,0.1567
syn_hcci_391_LOCAL_ILLUMINATION_ABNORMALITY_sev2,LOCAL_ILLUMINATION_ABNORMALITY,2,0.13,0.23,0.601,0.1422
syn_hcci_391_CHARGING_LIKE_SYNTHETIC_ARTIFACT_sev1,CHARGING_LIKE_SYNTHETIC_ARTIFACT,1,0.1182,0.2114,0.1274,0.6211
syn_hcci_392_OVEREXPOSURE_sev3,OVEREXPOSURE,3,0.0019,0.0038,0.0095,0.0023
syn_hcci_392_UNDEREXPOSURE_sev1,UNDEREXPOSURE,1,0.5034,0.6697,0.5128,0.9649
syn_hcci_392_CLIPPING_sev2,CLIPPING,2,0.1668,0.2858,0.2998,0.2731
syn_hcci_392_LOCAL_ILLUMINATION_ABNORMALITY_sev3,LOCAL_ILLUMINATION_ABNORMALITY,3,0.1283,0.2274,0.7455,0.1342
syn_hcci_392_CHARGING_LIKE_SYNTHETIC_ARTIFACT_sev2,CHARGING_LIKE_SYNTHETIC_ARTIFACT,2,0.3462,0.5144,0.3462,1.0
syn_hcci_393_OVEREXPOSURE_sev1,OVEREXPOSURE,1,0.9484,0.9735,0.9569,0.9907
syn_hcci_393_UNDEREXPOSURE_sev2,UNDEREXPOSURE,2,0.9627,0.981,0.9848,0.9772
syn_hcci_393_CLIPPING_sev3,CLIPPING,3,0.0014,0.0028,0.0039,0.0022
syn_hcci_393_LOCAL_ILLUMINATION_ABNORMALITY_sev1,LOCAL_ILLUMINATION_ABNORMALITY,1,0.4093,0.5809,0.9771,0.4133
syn_hcci_393_CHARGING_LIKE_SYNTHETIC_ARTIFACT_sev3,CHARGING_LIKE_SYNTHETIC_ARTIFACT,3,1.0,1.0,1.0,1.0
syn_hcci_394_OVEREXPOSURE_sev2,OVEREXPOSURE,2,0.9579,0.9785,0.9705,0.9867
syn_hcci_394_UNDEREXPOSURE_sev3,UNDEREXPOSURE,3,0.0044,0.0088,0.0092,0.0085
syn_hcci_394_CLIPPING_sev1,CLIPPING,1,0.0316,0.0613,0.1097,0.0426
syn_hcci_394_LOCAL_ILLUMINATION_ABNORMALITY_sev2,LOCAL_ILLUMINATION_ABNORMALITY,2,0.3051,0.4675,0.6399,0.3683
syn_hcci_394_CHARGING_LIKE_SYNTHETIC_ARTIFACT_sev1,CHARGING_LIKE_SYNTHETIC_ARTIFACT,1,0.8,0.8889,1.0,0.8
syn_hcci_395_OVEREXPOSURE_sev3,OVEREXPOSURE,3,0.0029,0.0057,0.0186,0.0034
syn_hcci_395_UNDEREXPOSURE_sev1,UNDEREXPOSURE,1,0.4528,0.6234,0.5673,0.6918
syn_hcci_395_CLIPPING_sev2,CLIPPING,2,0.1146,0.2057,0.2476,0.176
syn_hcci_395_LOCAL_ILLUMINATION_ABNORMALITY_sev3,LOCAL_ILLUMINATION_ABNORMALITY,3,0.0473,0.0902,0.3836,0.0511
syn_hcci_395_CHARGING_LIKE_SYNTHETIC_ARTIFACT_sev2,CHARGING_LIKE_SYNTHETIC_ARTIFACT,2,0.2782,0.4353,0.3027,0.7747
syn_hcci_396_OVEREXPOSURE_sev1,OVEREXPOSURE,1,0.3104,0.4738,0.3687,0.6626
syn_hcci_396_UNDEREXPOSURE_sev2,UNDEREXPOSURE,2,0.0043,0.0085,0.0087,0.0082
syn_hcci_396_CLIPPING_sev3,CLIPPING,3,0.2772,0.434,0.6936,0.3158
syn_hcci_396_LOCAL_ILLUMINATION_ABNORMALITY_sev1,LOCAL_ILLUMINATION_ABNORMALITY,1,0.3447,0.5127,0.5643,0.4698
syn_hcci_396_CHARGING_LIKE_SYNTHETIC_ARTIFACT_sev3,CHARGING_LIKE_SYNTHETIC_ARTIFACT,3,0.5418,0.7028,0.5449,0.9897
syn_hcci_397_OVEREXPOSURE_sev2,OVEREXPOSURE,2,0.9553,0.9771,0.9723,0.9821
syn_hcci_397_UNDEREXPOSURE_sev3,UNDEREXPOSURE,3,0.005,0.01,0.0119,0.0086
syn_hcci_397_CLIPPING_sev1,CLIPPING,1,0.0,0.0,0.0,0.0
syn_hcci_397_LOCAL_ILLUMINATION_ABNORMALITY_sev2,LOCAL_ILLUMINATION_ABNORMALITY,2,0.2657,0.4198,0.4574,0.388
syn_hcci_397_CHARGING_LIKE_SYNTHETIC_ARTIFACT_sev1,CHARGING_LIKE_SYNTHETIC_ARTIFACT,1,0.8,0.8889,1.0,0.8
syn_hcci_398_OVEREXPOSURE_sev3,OVEREXPOSURE,3,0.0049,0.0097,0.0116,0.0083
syn_hcci_398_UNDEREXPOSURE_sev1,UNDEREXPOSURE,1,0.936,0.9669,0.9596,0.9744
syn_hcci_398_CLIPPING_sev2,CLIPPING,2,0.0,0.0,0.0,0.0
syn_hcci_398_LOCAL_ILLUMINATION_ABNORMALITY_sev3,LOCAL_ILLUMINATION_ABNORMALITY,3,0.1049,0.1899,0.6874,0.1102
syn_hcci_398_CHARGING_LIKE_SYNTHETIC_ARTIFACT_sev2,CHARGING_LIKE_SYNTHETIC_ARTIFACT,2,0.8421,0.9143,1.0,0.8421
syn_hcci_399_OVEREXPOSURE_sev1,OVEREXPOSURE,1,0.9388,0.9684,0.9706,0.9662
syn_hcci_399_UNDEREXPOSURE_sev2,UNDEREXPOSURE,2,0.9571,0.9781,0.9744,0.9818
syn_hcci_399_CLIPPING_sev3,CLIPPING,3,0.0357,0.0689,0.4053,0.0377
syn_hcci_399_LOCAL_ILLUMINATION_ABNORMALITY_sev1,LOCAL_ILLUMINATION_ABNORMALITY,1,0.4355,0.6067,1.0,0.4355
syn_hcci_399_CHARGING_LIKE_SYNTHETIC_ARTIFACT_sev3,CHARGING_LIKE_SYNTHETIC_ARTIFACT,3,1.0,1.0,1.0,1.0
syn_hcci_400_OVEREXPOSURE_sev2,OVEREXPOSURE,2,0.9591,0.9791,0.9803,0.978
syn_hcci_400_UNDEREXPOSURE_sev3,UNDEREXPOSURE,3,0.0085,0.0169,0.0199,0.0148
syn_hcci_400_CLIPPING_sev1,CLIPPING,1,0.0086,0.0171,0.064,0.0099
syn_hcci_400_LOCAL_ILLUMINATION_ABNORMALITY_sev2,LOCAL_ILLUMINATION_ABNORMALITY,2,0.2319,0.3765,0.7173,0.2552
syn_hcci_400_CHARGING_LIKE_SYNTHETIC_ARTIFACT_sev1,CHARGING_LIKE_SYNTHETIC_ARTIFACT,1,0.8333,0.9091,0.8333,1.0
syn_hcci_401_OVEREXPOSURE_sev3,OVEREXPOSURE,3,0.0083,0.0164,0.0215,0.0133
syn_hcci_401_UNDEREXPOSURE_sev1,UNDEREXPOSURE,1,0.935,0.9664,0.971,0.9618
syn_hcci_401_CLIPPING_sev2,CLIPPING,2,0.0095,0.0188,0.2035,0.0098
syn_hcci_401_LOCAL_ILLUMINATION_ABNORMALITY_sev3,LOCAL_ILLUMINATION_ABNORMALITY,3,0.0503,0.0958,0.4684,0.0534
syn_hcci_401_CHARGING_LIKE_SYNTHETIC_ARTIFACT_sev2,CHARGING_LIKE_SYNTHETIC_ARTIFACT,2,0.9024,0.9487,0.925,0.9737
syn_hcci_402_OVEREXPOSURE_sev1,OVEREXPOSURE,1,0.9388,0.9684,0.9706,0.9662
syn_hcci_402_UNDEREXPOSURE_sev2,UNDEREXPOSURE,2,0.9537,0.9763,0.9776,0.975
syn_hcci_402_CLIPPING_sev3,CLIPPING,3,0.0033,0.0067,0.1375,0.0034
syn_hcci_402_LOCAL_ILLUMINATION_ABNORMALITY_sev1,LOCAL_ILLUMINATION_ABNORMALITY,1,0.4589,0.6291,1.0,0.4589
syn_hcci_402_CHARGING_LIKE_SYNTHETIC_ARTIFACT_sev3,CHARGING_LIKE_SYNTHETIC_ARTIFACT,3,0.9104,0.9531,0.9531,0.9531
syn_hcci_403_OVEREXPOSURE_sev2,OVEREXPOSURE,2,0.9546,0.9768,0.9765,0.977
syn_hcci_403_UNDEREXPOSURE_sev3,UNDEREXPOSURE,3,0.0055,0.0109,0.0128,0.0094
syn_hcci_403_CLIPPING_sev1,CLIPPING,1,0.0734,0.1368,0.1811,0.1099
syn_hcci_403_LOCAL_ILLUMINATION_ABNORMALITY_sev2,LOCAL_ILLUMINATION_ABNORMALITY,2,0.2486,0.3982,0.7434,0.2719
syn_hcci_403_CHARGING_LIKE_SYNTHETIC_ARTIFACT_sev1,CHARGING_LIKE_SYNTHETIC_ARTIFACT,1,0.7825,0.878,0.8381,0.9219
syn_hcci_404_OVEREXPOSURE_sev3,OVEREXPOSURE,3,0.0054,0.0108,0.015,0.0084
syn_hcci_404_UNDEREXPOSURE_sev1,UNDEREXPOSURE,1,0.9407,0.9695,0.9766,0.9624
syn_hcci_404_CLIPPING_sev2,CLIPPING,2,0.1288,0.2283,0.4056,0.1588
syn_hcci_404_LOCAL_ILLUMINATION_ABNORMALITY_sev3,LOCAL_ILLUMINATION_ABNORMALITY,3,0.0135,0.0266,0.0895,0.0156
syn_hcci_404_CHARGING_LIKE_SYNTHETIC_ARTIFACT_sev2,CHARGING_LIKE_SYNTHETIC_ARTIFACT,2,0.8795,0.9359,0.9125,0.9605
syn_hcci_405_OVEREXPOSURE_sev1,OVEREXPOSURE,1,0.943,0.9707,0.9753,0.9661
syn_hcci_405_UNDEREXPOSURE_sev2,UNDEREXPOSURE,2,0.957,0.978,0.9756,0.9804
syn_hcci_405_CLIPPING_sev3,CLIPPING,3,0.0016,0.0033,0.0087,0.002
syn_hcci_405_LOCAL_ILLUMINATION_ABNORMALITY_sev1,LOCAL_ILLUMINATION_ABNORMALITY,1,0.4438,0.6147,1.0,0.4438
syn_hcci_405_CHARGING_LIKE_SYNTHETIC_ARTIFACT_sev3,CHARGING_LIKE_SYNTHETIC_ARTIFACT,3,0.8944,0.9442,0.9299,0.959
syn_hcci_406_OVEREXPOSURE_sev2,OVEREXPOSURE,2,0.9571,0.9781,0.972,0.9842
syn_hcci_406_UNDEREXPOSURE_sev3,UNDEREXPOSURE,3,0.0046,0.0092,0.012,0.0075
syn_hcci_406_CLIPPING_sev1,CLIPPING,1,0.1132,0.2034,0.1774,0.2384
syn_hcci_406_LOCAL_ILLUMINATION_ABNORMALITY_sev2,LOCAL_ILLUMINATION_ABNORMALITY,2,0.2658,0.42,0.6093,0.3204
syn_hcci_406_CHARGING_LIKE_SYNTHETIC_ARTIFACT_sev1,CHARGING_LIKE_SYNTHETIC_ARTIFACT,1,0.8,0.8889,1.0,0.8
syn_hcci_407_OVEREXPOSURE_sev3,OVEREXPOSURE,3,0.0043,0.0085,0.0099,0.0075
syn_hcci_407_UNDEREXPOSURE_sev1,UNDEREXPOSURE,1,0.9444,0.9714,0.9688,0.974
syn_hcci_407_CLIPPING_sev2,CLIPPING,2,0.0,0.0,0.0,0.0
syn_hcci_407_LOCAL_ILLUMINATION_ABNORMALITY_sev3,LOCAL_ILLUMINATION_ABNORMALITY,3,0.0304,0.0589,0.1911,0.0348
syn_hcci_407_CHARGING_LIKE_SYNTHETIC_ARTIFACT_sev2,CHARGING_LIKE_SYNTHETIC_ARTIFACT,2,0.8419,0.9141,0.9956,0.845
syn_hcci_408_OVEREXPOSURE_sev1,OVEREXPOSURE,1,0.9431,0.9707,0.9778,0.9637
syn_hcci_408_UNDEREXPOSURE_sev2,UNDEREXPOSURE,2,0.9639,0.9816,0.9862,0.9771
syn_hcci_408_CLIPPING_sev3,CLIPPING,3,0.0014,0.0027,0.4199,0.0014
syn_hcci_408_LOCAL_ILLUMINATION_ABNORMALITY_sev1,LOCAL_ILLUMINATION_ABNORMALITY,1,0.3939,0.5652,1.0,0.3939
syn_hcci_408_CHARGING_LIKE_SYNTHETIC_ARTIFACT_sev3,CHARGING_LIKE_SYNTHETIC_ARTIFACT,3,0.9692,0.9844,0.9844,0.9844
syn_hcci_409_OVEREXPOSURE_sev2,OVEREXPOSURE,2,0.954,0.9765,0.9741,0.9789
syn_hcci_409_UNDEREXPOSURE_sev3,UNDEREXPOSURE,3,0.0072,0.0143,0.0183,0.0118
syn_hcci_409_CLIPPING_sev1,CLIPPING,1,0.2006,0.3342,0.2841,0.4058
syn_hcci_409_LOCAL_ILLUMINATION_ABNORMALITY_sev2,LOCAL_ILLUMINATION_ABNORMALITY,2,0.4965,0.6635,0.9884,0.4994
syn_hcci_409_CHARGING_LIKE_SYNTHETIC_ARTIFACT_sev1,CHARGING_LIKE_SYNTHETIC_ARTIFACT,1,0.8301,0.9071,0.8355,0.9922
syn_hcci_410_OVEREXPOSURE_sev3,OVEREXPOSURE,3,0.0049,0.0097,0.0112,0.0086
syn_hcci_410_UNDEREXPOSURE_sev1,UNDEREXPOSURE,1,0.939,0.9685,0.9683,0.9687
syn_hcci_410_CLIPPING_sev2,CLIPPING,2,0.2577,0.4098,0.5521,0.3259
syn_hcci_410_LOCAL_ILLUMINATION_ABNORMALITY_sev3,LOCAL_ILLUMINATION_ABNORMALITY,3,0.2802,0.4377,0.5567,0.3606
syn_hcci_410_CHARGING_LIKE_SYNTHETIC_ARTIFACT_sev2,CHARGING_LIKE_SYNTHETIC_ARTIFACT,2,0.8571,0.9231,0.9,0.9474
syn_hcci_411_OVEREXPOSURE_sev1,OVEREXPOSURE,1,0.9428,0.9706,0.9728,0.9684
syn_hcci_411_UNDEREXPOSURE_sev2,UNDEREXPOSURE,2,0.9586,0.9789,0.9802,0.9776
syn_hcci_411_CLIPPING_sev3,CLIPPING,3,0.0974,0.1776,0.5004,0.1079
syn_hcci_411_LOCAL_ILLUMINATION_ABNORMALITY_sev1,LOCAL_ILLUMINATION_ABNORMALITY,1,0.4471,0.6179,1.0,0.4471
syn_hcci_411_CHARGING_LIKE_SYNTHETIC_ARTIFACT_sev3,CHARGING_LIKE_SYNTHETIC_ARTIFACT,3,0.9104,0.9531,0.9531,0.9531
syn_hcci_412_OVEREXPOSURE_sev2,OVEREXPOSURE,2,0.9605,0.9799,0.9799,0.9798
syn_hcci_412_UNDEREXPOSURE_sev3,UNDEREXPOSURE,3,0.0091,0.0181,0.0248,0.0142
syn_hcci_412_CLIPPING_sev1,CLIPPING,1,0.0314,0.0609,0.106,0.0428
syn_hcci_412_LOCAL_ILLUMINATION_ABNORMALITY_sev2,LOCAL_ILLUMINATION_ABNORMALITY,2,0.245,0.3935,0.6743,0.2778
syn_hcci_412_CHARGING_LIKE_SYNTHETIC_ARTIFACT_sev1,CHARGING_LIKE_SYNTHETIC_ARTIFACT,1,0.8,0.8889,1.0,0.8
syn_hcci_413_OVEREXPOSURE_sev3,OVEREXPOSURE,3,0.0051,0.0102,0.0133,0.0083
syn_hcci_413_UNDEREXPOSURE_sev1,UNDEREXPOSURE,1,0.9324,0.965,0.9721,0.958
syn_hcci_413_CLIPPING_sev2,CLIPPING,2,0.0636,0.1195,0.2283,0.081
syn_hcci_413_LOCAL_ILLUMINATION_ABNORMALITY_sev3,LOCAL_ILLUMINATION_ABNORMALITY,3,0.0271,0.0528,0.4586,0.028
syn_hcci_413_CHARGING_LIKE_SYNTHETIC_ARTIFACT_sev2,CHARGING_LIKE_SYNTHETIC_ARTIFACT,2,0.9024,0.9487,0.925,0.9737
syn_hcci_414_OVEREXPOSURE_sev1,OVEREXPOSURE,1,0.941,0.9696,0.9718,0.9674
syn_hcci_414_UNDEREXPOSURE_sev2,UNDEREXPOSURE,2,0.9578,0.9785,0.976,0.9809
syn_hcci_414_CLIPPING_sev3,CLIPPING,3,0.0635,0.1195,0.5389,0.0672
syn_hcci_414_LOCAL_ILLUMINATION_ABNORMALITY_sev1,LOCAL_ILLUMINATION_ABNORMALITY,1,0.3889,0.56,1.0,0.3889
syn_hcci_414_CHARGING_LIKE_SYNTHETIC_ARTIFACT_sev3,CHARGING_LIKE_SYNTHETIC_ARTIFACT,3,0.9104,0.9531,0.9531,0.9531
syn_hcci_415_OVEREXPOSURE_sev2,OVEREXPOSURE,2,0.2173,0.357,0.7352,0.2357
syn_hcci_415_UNDEREXPOSURE_sev3,UNDEREXPOSURE,3,0.0002,0.0004,0.0009,0.0002
syn_hcci_415_CLIPPING_sev1,CLIPPING,1,0.0,0.0,0.0,0.0
syn_hcci_415_LOCAL_ILLUMINATION_ABNORMALITY_sev2,LOCAL_ILLUMINATION_ABNORMALITY,2,0.1119,0.2013,0.4591,0.1289
syn_hcci_415_CHARGING_LIKE_SYNTHETIC_ARTIFACT_sev1,CHARGING_LIKE_SYNTHETIC_ARTIFACT,1,0.1939,0.3248,0.3312,0.3187
syn_hcci_416_OVEREXPOSURE_sev3,OVEREXPOSURE,3,0.3646,0.5344,0.5926,0.4866
syn_hcci_416_UNDEREXPOSURE_sev1,UNDEREXPOSURE,1,0.0,0.0,0.0,0.0
syn_hcci_416_CLIPPING_sev2,CLIPPING,2,0.0,0.0,0.0,0.0
syn_hcci_416_LOCAL_ILLUMINATION_ABNORMALITY_sev3,LOCAL_ILLUMINATION_ABNORMALITY,3,0.3916,0.5628,0.9453,0.4007
syn_hcci_416_CHARGING_LIKE_SYNTHETIC_ARTIFACT_sev2,CHARGING_LIKE_SYNTHETIC_ARTIFACT,2,0.7205,0.8376,0.8117,0.8651
syn_hcci_417_OVEREXPOSURE_sev1,OVEREXPOSURE,1,0.9461,0.9723,0.9626,0.9822
syn_hcci_417_UNDEREXPOSURE_sev2,UNDEREXPOSURE,2,0.9578,0.9785,0.976,0.9809
syn_hcci_417_CLIPPING_sev3,CLIPPING,3,0.0147,0.029,0.0752,0.018
syn_hcci_417_LOCAL_ILLUMINATION_ABNORMALITY_sev1,LOCAL_ILLUMINATION_ABNORMALITY,1,0.3648,0.5346,1.0,0.3648
syn_hcci_417_CHARGING_LIKE_SYNTHETIC_ARTIFACT_sev3,CHARGING_LIKE_SYNTHETIC_ARTIFACT,3,0.9845,0.9922,0.9922,0.9922
syn_hcci_418_OVEREXPOSURE_sev2,OVEREXPOSURE,2,0.9586,0.9789,0.9802,0.9776
syn_hcci_418_UNDEREXPOSURE_sev3,UNDEREXPOSURE,3,0.0061,0.0122,0.0133,0.0113
syn_hcci_418_CLIPPING_sev1,CLIPPING,1,0.1362,0.2398,0.4368,0.1652
syn_hcci_418_LOCAL_ILLUMINATION_ABNORMALITY_sev2,LOCAL_ILLUMINATION_ABNORMALITY,2,0.3945,0.5658,0.995,0.3953
syn_hcci_418_CHARGING_LIKE_SYNTHETIC_ARTIFACT_sev1,CHARGING_LIKE_SYNTHETIC_ARTIFACT,1,0.8333,0.9091,0.8333,1.0
syn_hcci_419_OVEREXPOSURE_sev3,OVEREXPOSURE,3,0.0046,0.0091,0.0116,0.0075
syn_hcci_419_UNDEREXPOSURE_sev1,UNDEREXPOSURE,1,0.9468,0.9727,0.9584,0.9874
syn_hcci_419_CLIPPING_sev2,CLIPPING,2,0.0,0.0,0.0,0.0
syn_hcci_419_LOCAL_ILLUMINATION_ABNORMALITY_sev3,LOCAL_ILLUMINATION_ABNORMALITY,3,0.0035,0.0069,0.0247,0.004
syn_hcci_419_CHARGING_LIKE_SYNTHETIC_ARTIFACT_sev2,CHARGING_LIKE_SYNTHETIC_ARTIFACT,2,0.9259,0.9615,0.9375,0.9868
syn_hcci_420_OVEREXPOSURE_sev1,OVEREXPOSURE,1,0.9428,0.9706,0.968,0.9732
syn_hcci_420_UNDEREXPOSURE_sev2,UNDEREXPOSURE,2,0.9588,0.979,0.9816,0.9764
syn_hcci_420_CLIPPING_sev3,CLIPPING,3,0.0604,0.114,0.6254,0.0627
syn_hcci_420_LOCAL_ILLUMINATION_ABNORMALITY_sev1,LOCAL_ILLUMINATION_ABNORMALITY,1,0.4197,0.5913,1.0,0.4197
syn_hcci_420_CHARGING_LIKE_SYNTHETIC_ARTIFACT_sev3,CHARGING_LIKE_SYNTHETIC_ARTIFACT,3,0.9248,0.9609,0.9609,0.9609
syn_hcci_421_OVEREXPOSURE_sev2,OVEREXPOSURE,2,0.963,0.9812,0.9764,0.986
syn_hcci_421_UNDEREXPOSURE_sev3,UNDEREXPOSURE,3,0.0033,0.0065,0.0078,0.0056
syn_hcci_421_CLIPPING_sev1,CLIPPING,1,0.0,0.0,0.0,0.0
syn_hcci_421_LOCAL_ILLUMINATION_ABNORMALITY_sev2,LOCAL_ILLUMINATION_ABNORMALITY,2,0.1636,0.2811,0.4517,0.2041
syn_hcci_421_CHARGING_LIKE_SYNTHETIC_ARTIFACT_sev1,CHARGING_LIKE_SYNTHETIC_ARTIFACT,1,0.8,0.8889,1.0,0.8
syn_hcci_422_OVEREXPOSURE_sev3,OVEREXPOSURE,3,0.0054,0.0107,0.0119,0.0098
syn_hcci_422_UNDEREXPOSURE_sev1,UNDEREXPOSURE,1,0.9404,0.9693,0.9691,0.9695
syn_hcci_422_CLIPPING_sev2,CLIPPING,2,0.0164,0.0324,0.1024,0.0192
syn_hcci_422_LOCAL_ILLUMINATION_ABNORMALITY_sev3,LOCAL_ILLUMINATION_ABNORMALITY,3,0.0624,0.1174,0.373,0.0697
syn_hcci_422_CHARGING_LIKE_SYNTHETIC_ARTIFACT_sev2,CHARGING_LIKE_SYNTHETIC_ARTIFACT,2,0.8421,0.9143,1.0,0.8421
syn_hcci_423_OVEREXPOSURE_sev1,OVEREXPOSURE,1,0.9462,0.9724,0.965,0.9799
syn_hcci_423_UNDEREXPOSURE_sev2,UNDEREXPOSURE,2,0.9552,0.9771,0.9735,0.9808
syn_hcci_423_CLIPPING_sev3,CLIPPING,3,0.0873,0.1606,0.3853,0.1015
syn_hcci_423_LOCAL_ILLUMINATION_ABNORMALITY_sev1,LOCAL_ILLUMINATION_ABNORMALITY,1,0.4068,0.5783,1.0,0.4068
syn_hcci_423_CHARGING_LIKE_SYNTHETIC_ARTIFACT_sev3,CHARGING_LIKE_SYNTHETIC_ARTIFACT,3,0.9845,0.9922,0.9922,0.9922
syn_hcci_424_OVEREXPOSURE_sev2,OVEREXPOSURE,2,0.9537,0.9763,0.9739,0.9787
syn_hcci_424_UNDEREXPOSURE_sev3,UNDEREXPOSURE,3,0.006,0.012,0.0157,0.0097
syn_hcci_424_CLIPPING_sev1,CLIPPING,1,0.0199,0.039,0.0732,0.0266
syn_hcci_424_LOCAL_ILLUMINATION_ABNORMALITY_sev2,LOCAL_ILLUMINATION_ABNORMALITY,2,0.3473,0.5155,0.7115,0.4042
syn_hcci_424_CHARGING_LIKE_SYNTHETIC_ARTIFACT_sev1,CHARGING_LIKE_SYNTHETIC_ARTIFACT,1,0.8,0.8889,1.0,0.8
syn_hcci_425_OVEREXPOSURE_sev3,OVEREXPOSURE,3,0.0019,0.0038,0.0121,0.0023
syn_hcci_425_UNDEREXPOSURE_sev1,UNDEREXPOSURE,1,0.6608,0.7957,0.6865,0.9464
syn_hcci_425_CLIPPING_sev2,CLIPPING,2,0.1313,0.2321,0.3483,0.1741
syn_hcci_425_LOCAL_ILLUMINATION_ABNORMALITY_sev3,LOCAL_ILLUMINATION_ABNORMALITY,3,0.0471,0.09,0.5334,0.0492
syn_hcci_425_CHARGING_LIKE_SYNTHETIC_ARTIFACT_sev2,CHARGING_LIKE_SYNTHETIC_ARTIFACT,2,0.3678,0.5378,0.406,0.7961
syn_hcci_426_OVEREXPOSURE_sev1,OVEREXPOSURE,1,0.4939,0.6613,0.5188,0.9115
syn_hcci_426_UNDEREXPOSURE_sev2,UNDEREXPOSURE,2,0.0084,0.0167,0.0158,0.0175
syn_hcci_426_CLIPPING_sev3,CLIPPING,3,0.1056,0.191,0.3861,0.1269
syn_hcci_426_LOCAL_ILLUMINATION_ABNORMALITY_sev1,LOCAL_ILLUMINATION_ABNORMALITY,1,0.0618,0.1163,0.1654,0.0897
syn_hcci_426_CHARGING_LIKE_SYNTHETIC_ARTIFACT_sev3,CHARGING_LIKE_SYNTHETIC_ARTIFACT,3,0.5619,0.7195,0.5923,0.9163
syn_hcci_427_OVEREXPOSURE_sev2,OVEREXPOSURE,2,0.3039,0.4662,0.7098,0.3471
syn_hcci_427_UNDEREXPOSURE_sev3,UNDEREXPOSURE,3,0.0005,0.001,0.0019,0.0007
syn_hcci_427_CLIPPING_sev1,CLIPPING,1,0.0146,0.0288,0.0342,0.0249
syn_hcci_427_LOCAL_ILLUMINATION_ABNORMALITY_sev2,LOCAL_ILLUMINATION_ABNORMALITY,2,0.355,0.524,0.8891,0.3715
syn_hcci_427_CHARGING_LIKE_SYNTHETIC_ARTIFACT_sev1,CHARGING_LIKE_SYNTHETIC_ARTIFACT,1,0.2571,0.4091,0.5192,0.3375
