criterion_id,criterion,test_method,expected_result,actual_result,status,evidence,environment,notes
H-01,Python Runtime Consistency,Check sys.version_info in isolated virtual environment,Python 3.11.x,Python 3.11.9,PASS,sys.version output,Windows 11 AMD64 host,Strict virtual environment isolation
H-02,Dependency Lock Immutability,Inspect requirements.txt and pinned constraints,Zero unbound package versions,All dependencies pinned to exact versions,PASS,requirements.txt,Local venv311,Exact hash/version pinning
H-03,Core Unit & Integration Suite,Full regression test execution across all modules,218/218 tests passing,218 passed in 44.82s,PASS,tests/ test suite,Local venv311,Phase 8 authoritative regression baseline
H-04,Checkpoint Integrity,Compute SHA-256 hash on frozen model weights,Matches 53ba60a317a140ceaebdf2e152dea88fd78f2a8bffbec378fc14c84010fd0e62,53ba60a317a140ceaebdf2e152dea88fd78f2a8bffbec378fc14c84010fd0e62,PASS,data/processed/phase4/checkpoints/best_checkpoint_seed42.pt,Local filesystem,Seed 42 checkpoint verified
H-05,Database Schema Migration,Execute Alembic migration scripts idempotency check,Zero schema drift,Schema identical on SQLite/PostgreSQL targets,PASS,alembic migrations,Local filesystem,Idempotent migrations
H-06,Query Parameterization,Static code analysis of SQL queries in platform backend,Zero raw string interpolation in queries,100% parameterized via SQLAlchemy ORM,PASS,app/models/ and app/services/,Local codebase,Prevents SQL injection
H-07,Ingestion File Traversal,Test upload endpoints with ../ in filenames,HTTP 400 Bad Request rejection,All traversal attempts rejected by os.path.basename check,PASS,tests/test_ingestion.py,Local venv311,Neutralizes directory traversal
H-08,Memory Leak / OOM Safeguards,Track process RSS memory ceiling during batch embedding (B=32),Peak RAM < 2.4 GB,Peak RAM measured at 2.2 GB,PASS,scripts/profiling,Local venv311,Safe memory headroom
H-09,Concurrency & Race Conditions,Concurrent multi-threaded ingestion into SQLite,Zero database lock errors under WAL mode,Clean transaction commits in WAL mode,PASS,app/database.py,Local venv311,SQLite WAL concurrency
H-10,FAISS Index Serialization,Round-trip disk write and load of HNSW/Flat indices,Exact vector recall (1.0000),Exact vector recall verified,PASS,artifacts/phase13/scaling_benchmark_results.json,Local venv311,Binary serialization verified
H-11,API Endpoint Validation,Inspect Pydantic v2 schemas across all REST routes,All payload fields strictly typed and validated,Zero unvalidated request fields,PASS,app/schemas/,Local codebase,Pydantic v2 validation
H-12,Structured Logging,Inspect log emission format for curation and ingestion events,Structured JSON logs with correlation IDs,JSON formatted logs with trace IDs generated,PASS,app/core/logging.py,Local venv311,Append-only audit trail
H-13,Error Handling & Graceful Degradation,Simulate corrupted files and invalid tokens,Structured HTTP 4xx/5xx JSON error envelopes,Uniform error responses returned,PASS,app/main.py exception handlers,Local venv311,RFC 7807 compliance
H-14,Host System Resource Ceiling,Benchmark CPU and RAM utilization under 100K search load,CPU < 80% and RAM < 8.0 GB,Peak CPU 35% and peak RAM 2.2 GB,PASS,artifacts/phase13/scaling_benchmark_results.json,Windows 11 AMD64 host,Hardware headroom confirmed
H-15,Container Runtime Deployment,Execute docker info and spin up full containerized stack via docker compose,Multi-container stack healthy with 15 passing runtime checks,Docker CLI present but engine daemon inactive (pipe dockerDesktopLinuxEngine not found),NOT_EXECUTED,docker info stderr,Windows 11 host (Docker Desktop engine inactive),Daemon unavailable on host; runtime execution deferred to cloud staging
