group,file_path,expected_sha256,actual_sha256,version,modification_state,verification_result
Phase 1-7 Research Artifacts,data\processed\embeddings\carinthia_dinov2_vits14_embeddings.parquet,991eeedc73b14797417a702bfb85a156d89013696609cfe145d17bf067ba918d,991eeedc73b14797417a702bfb85a156d89013696609cfe145d17bf067ba918d,frozen-phase1-7,UNCHANGED,PASS
Phase 1-7 Research Artifacts,data\processed\embeddings\hcci_dinov2_vits14_embeddings.parquet,3f35d364c39862956cf843d5a778ab2d62becf3e7c95b775bbd224de2e95a37b,3f35d364c39862956cf843d5a778ab2d62becf3e7c95b775bbd224de2e95a37b,frozen-phase1-7,UNCHANGED,PASS
Phase 1-7 Research Artifacts,data\manifests\carinthia_manifest.csv,2a6d5cff3036356d568b2a7620fe6411cfdb4e9cb62da7193636ccf6e547dbc1,2a6d5cff3036356d568b2a7620fe6411cfdb4e9cb62da7193636ccf6e547dbc1,frozen-phase1-7,UNCHANGED,PASS
Phase 1-7 Research Artifacts,data\manifests\carinthia_manifest.parquet,40d4c957af8651547876898d74a22e9c24425c241c3753aaeb6359e60454a45f,40d4c957af8651547876898d74a22e9c24425c241c3753aaeb6359e60454a45f,frozen-phase1-7,UNCHANGED,PASS
Phase 1-7 Research Artifacts,data\manifests\dataset_versions.json,406acd36266a7696ab8e06f9188e58375d19b24b4358e0daf484d20d86b9f84a,406acd36266a7696ab8e06f9188e58375d19b24b4358e0daf484d20d86b9f84a,frozen-phase1-7,UNCHANGED,PASS
Phase 1-7 Research Artifacts,data\manifests\hcci_manifest.csv,06eafa4e51e31cba2d88bdc41d3db2f492310f06fdeb5c961fc65962ad6f3735,06eafa4e51e31cba2d88bdc41d3db2f492310f06fdeb5c961fc65962ad6f3735,frozen-phase1-7,UNCHANGED,PASS
Phase 1-7 Research Artifacts,data\manifests\hcci_manifest.parquet,42339ff6f53b3e76617cb99876cf10a0d2ac95545f07b716ea9c84cc2ced3258,42339ff6f53b3e76617cb99876cf10a0d2ac95545f07b716ea9c84cc2ced3258,frozen-phase1-7,UNCHANGED,PASS
Phase 1-7 Research Artifacts,data\manifests\phase2_embedding_manifest.parquet,698d83be5838ffcd143f8c7e45b838f13daf643d93581b0115e84c81f4b3613a,698d83be5838ffcd143f8c7e45b838f13daf643d93581b0115e84c81f4b3613a,frozen-phase1-7,UNCHANGED,PASS
Phase 1-7 Research Artifacts,reports\phase2\carinthia_evaluation_audit.json,d39c3dcd189c812c32912a358dfcce31b2e29c7d2fd000f46744818f9c987964,d39c3dcd189c812c32912a358dfcce31b2e29c7d2fd000f46744818f9c987964,frozen-phase1-7,UNCHANGED,PASS
Phase 1-7 Research Artifacts,reports\phase2\embedding_statistics.csv,74404da74c7c55f64b24addbe8e8af93d26f2ed4f09ca84e75046242cd38d1e6,74404da74c7c55f64b24addbe8e8af93d26f2ed4f09ca84e75046242cd38d1e6,frozen-phase1-7,UNCHANGED,PASS
Phase 1-7 Research Artifacts,reports\phase2\embedding_statistics.json,de92d41c34c191ad3eae224de2d199cc66558cd35fd78406206903bdd932f629,de92d41c34c191ad3eae224de2d199cc66558cd35fd78406206903bdd932f629,frozen-phase1-7,UNCHANGED,PASS
Phase 1-7 Research Artifacts,reports\phase2\embedding_validation.json,8f4f046423a28eac3f49dc8a00324e7d4ab562b7e412f3c53c62410caa73e7bd,8f4f046423a28eac3f49dc8a00324e7d4ab562b7e412f3c53c62410caa73e7bd,frozen-phase1-7,UNCHANGED,PASS
Phase 1-7 Research Artifacts,reports\phase2\figures\cosine_similarity_distribution.png,5773cfcdb37e856f728e9a98454973a6a2a28bc5eec52004c9db55f118229da2,5773cfcdb37e856f728e9a98454973a6a2a28bc5eec52004c9db55f118229da2,frozen-phase1-7,UNCHANGED,PASS
Phase 1-7 Research Artifacts,reports\phase2\figures\embedding_norm_distribution.png,66dae7611b3421ce7894acd9a93127520b411a47a965b1b7375b8d89da6cdad1,66dae7611b3421ce7894acd9a93127520b411a47a965b1b7375b8d89da6cdad1,frozen-phase1-7,UNCHANGED,PASS
Phase 1-7 Research Artifacts,reports\phase2\figures\pca_carinthia.png,2cd18a6757a2d83022d127e26150bfa028d7012494e1d7c23d850237be750b51,2cd18a6757a2d83022d127e26150bfa028d7012494e1d7c23d850237be750b51,frozen-phase1-7,UNCHANGED,PASS
Phase 1-7 Research Artifacts,reports\phase2\figures\pca_combined.png,077948316f32bfa83415210e1bf64d713cd92882b66706a587f00000f730365c,077948316f32bfa83415210e1bf64d713cd92882b66706a587f00000f730365c,frozen-phase1-7,UNCHANGED,PASS
Phase 1-7 Research Artifacts,reports\phase2\figures\pca_hcci.png,17be71bc4dda48cf6cd383d72a0ef28c93a36419f03289ac3cd49e1e945a7712,17be71bc4dda48cf6cd383d72a0ef28c93a36419f03289ac3cd49e1e945a7712,frozen-phase1-7,UNCHANGED,PASS
Phase 1-7 Research Artifacts,reports\phase2\hcci_evaluation_audit.json,a6ef2334326fc11587a6302bf96317776d5a5a94ae52f1c1533c9ddbfd745fb6,a6ef2334326fc11587a6302bf96317776d5a5a94ae52f1c1533c9ddbfd745fb6,frozen-phase1-7,UNCHANGED,PASS
Phase 1-7 Research Artifacts,reports\phase2\hcci_query_audit.csv,1cf5f3c0c5ef40e960586ffc572e302780b967c548bf285516881449e8c3d9db,1cf5f3c0c5ef40e960586ffc572e302780b967c548bf285516881449e8c3d9db,frozen-phase1-7,UNCHANGED,PASS
Phase 1-7 Research Artifacts,reports\phase2\PHASE2_BASELINE_REPORT.md,ae11b8338f72aa2a4d598cf0ab18a7d4f4c2cf583dae8e0021f4c5577e4c6ae5,ae11b8338f72aa2a4d598cf0ab18a7d4f4c2cf583dae8e0021f4c5577e4c6ae5,frozen-phase1-7,UNCHANGED,PASS
Phase 1-7 Research Artifacts,reports\phase2\tables\dataset_summary.csv,210d9cb09c9de4637c0c4a75a96a9f292ec4a3a32de8424fd29d5daffc1bbb89,210d9cb09c9de4637c0c4a75a96a9f292ec4a3a32de8424fd29d5daffc1bbb89,frozen-phase1-7,UNCHANGED,PASS
Phase 1-7 Research Artifacts,reports\phase2\tables\embedding_summary.csv,5c7509c96c9820fc3cd716271ee2491409a67f99ebda96ab31823028bf53010c,5c7509c96c9820fc3cd716271ee2491409a67f99ebda96ab31823028bf53010c,frozen-phase1-7,UNCHANGED,PASS
Phase 1-7 Research Artifacts,reports\phase2\tables\retrieval_carinthia.csv,65371c6faaf8c5f668b9ee31eeef1243f79434f3c0dd7bab1c74922df7ab457c,65371c6faaf8c5f668b9ee31eeef1243f79434f3c0dd7bab1c74922df7ab457c,frozen-phase1-7,UNCHANGED,PASS
Phase 1-7 Research Artifacts,reports\phase2\tables\retrieval_hcci.csv,fe8ffed43d6c7e39dd189d3e8de4efabb88de7272aadd7d1d39d1dde501b0ac6,fe8ffed43d6c7e39dd189d3e8de4efabb88de7272aadd7d1d39d1dde501b0ac6,frozen-phase1-7,UNCHANGED,PASS
Phase 1-7 Research Artifacts,reports\phase2\tables\runtime_summary.csv,598aae194e7a3a36cbfb12ec5e0c5a5f91f90b42243d01b91bd38c52093c67c8,598aae194e7a3a36cbfb12ec5e0c5a5f91f90b42243d01b91bd38c52093c67c8,frozen-phase1-7,UNCHANGED,PASS
Phase 1-7 Research Artifacts,reports\phase3\benchmark_config.yaml,873e13a77c98309b3357820cfc7c37f624909e53bdc459602002fe16af3c5e51,873e13a77c98309b3357820cfc7c37f624909e53bdc459602002fe16af3c5e51,frozen-phase1-7,UNCHANGED,PASS
Phase 1-7 Research Artifacts,reports\phase3\carinthia_faiss_results.csv,eb5b94cd1aba7fc691a7b79a6eb743853d82c78c17f3186385e436e5f82d2447,eb5b94cd1aba7fc691a7b79a6eb743853d82c78c17f3186385e436e5f82d2447,frozen-phase1-7,UNCHANGED,PASS
Phase 1-7 Research Artifacts,reports\phase3\exact_validation.json,9eebd77a643008cd071f38cf6f344b56a623f132cf0f0661a46e4fb8d51405d6,9eebd77a643008cd071f38cf6f344b56a623f132cf0f0661a46e4fb8d51405d6,frozen-phase1-7,UNCHANGED,PASS
Phase 1-7 Research Artifacts,reports\phase3\figures\index_size_comparison.png,0cb2def8ffa3ef2c4cab9795bb206d0cfc29e9ae4b27a28297053578642ce636,0cb2def8ffa3ef2c4cab9795bb206d0cfc29e9ae4b27a28297053578642ce636,frozen-phase1-7,UNCHANGED,PASS
Phase 1-7 Research Artifacts,reports\phase3\figures\recall_vs_efsearch.png,71c941209882d06d5340e4a12ac6af921545aa22a4510cf8d1590892800a4fa5,71c941209882d06d5340e4a12ac6af921545aa22a4510cf8d1590892800a4fa5,frozen-phase1-7,UNCHANGED,PASS
Phase 1-7 Research Artifacts,reports\phase3\figures\recall_vs_latency.png,48232d78e5153d3e5721148070ca404efc72c31172b873fdf3d2b010cd147556,48232d78e5153d3e5721148070ca404efc72c31172b873fdf3d2b010cd147556,frozen-phase1-7,UNCHANGED,PASS
Phase 1-7 Research Artifacts,reports\phase3\figures\recall_vs_nprobe.png,0e7daf7daf85eaae2db3d05135bcfbd366571f01caeb4dbbeea52b01b4756811,0e7daf7daf85eaae2db3d05135bcfbd366571f01caeb4dbbeea52b01b4756811,frozen-phase1-7,UNCHANGED,PASS
Phase 1-7 Research Artifacts,reports\phase3\hcci_faiss_results.csv,193c195f9ef99862a13daa09bfbbf98537e33f8349b7c4a6f04dd14ffff9ef86,193c195f9ef99862a13daa09bfbbf98537e33f8349b7c4a6f04dd14ffff9ef86,frozen-phase1-7,UNCHANGED,PASS
Phase 1-7 Research Artifacts,reports\phase3\index_sizes.csv,53bebf72a03c888dbd6474e69906f5a11661d0e45f4514b16695439e61d813f7,53bebf72a03c888dbd6474e69906f5a11661d0e45f4514b16695439e61d813f7,frozen-phase1-7,UNCHANGED,PASS
Phase 1-7 Research Artifacts,reports\phase3\latency_benchmark.csv,366f60046fd38988fab61634a1f9c4cf8eb6e57d3dba70f2fb72f8df430c86ad,366f60046fd38988fab61634a1f9c4cf8eb6e57d3dba70f2fb72f8df430c86ad,frozen-phase1-7,UNCHANGED,PASS
Phase 1-7 Research Artifacts,reports\phase3\PHASE3_FAISS_REPORT.md,8005209de98aa49606d9ccad0746c393bea63fce886bc8b3425fe05408039ea1,8005209de98aa49606d9ccad0746c393bea63fce886bc8b3425fe05408039ea1,frozen-phase1-7,UNCHANGED,PASS
Phase 1-7 Research Artifacts,reports\phase3\synthetic_scaling_stress_test.csv,1e2d53952f2b837393064a958cf1d4bd7edef2a6921a644ecf18a01f95fcd91e,1e2d53952f2b837393064a958cf1d4bd7edef2a6921a644ecf18a01f95fcd91e,frozen-phase1-7,UNCHANGED,PASS
Phase 1-7 Research Artifacts,reports\phase4\figures\cosine_similarity_distributions.png,62b53a7b4aa74631c7ab92a513c8c241f840c4ac039b64fd0258efab3cd0eb68,62b53a7b4aa74631c7ab92a513c8c241f840c4ac039b64fd0258efab3cd0eb68,frozen-phase1-7,UNCHANGED,PASS
Phase 1-7 Research Artifacts,reports\phase4\figures\pca_phase2_vs_phase4.png,5604eecfaf5aeb46288442ca84919909be1b220d9bf540f63b830a0c47aa36a9,5604eecfaf5aeb46288442ca84919909be1b220d9bf540f63b830a0c47aa36a9,frozen-phase1-7,UNCHANGED,PASS
Phase 1-7 Research Artifacts,reports\phase4\figures\retrieval_comparison.png,398d99fee43eeebe65451ac7f63795a8a4cbfdf8ff3b4280a3b3f6cfb3b72f27,398d99fee43eeebe65451ac7f63795a8a4cbfdf8ff3b4280a3b3f6cfb3b72f27,frozen-phase1-7,UNCHANGED,PASS
Phase 1-7 Research Artifacts,reports\phase4\PHASE4_RELATIONSHIP_AUDIT.md,c8a98151428789144bca17957b446834621b59813610787683cc514ea0f8523d,c8a98151428789144bca17957b446834621b59813610787683cc514ea0f8523d,frozen-phase1-7,UNCHANGED,PASS
Phase 1-7 Research Artifacts,reports\phase4\PHASE4_REPORT.md,1269db4f0e6ff227affaa0cf165ea67f6c24b7ce1fd4df781b23edb7cb5d96c3,1269db4f0e6ff227affaa0cf165ea67f6c24b7ce1fd4df781b23edb7cb5d96c3,frozen-phase1-7,UNCHANGED,PASS
Phase 1-7 Research Artifacts,reports\phase5\figures\fig1_metadata_missingness.png,d1f554a6d9e7e6d67a7ce785c7814cf62470be8a4b6a62e804cb43fee00c95d2,d1f554a6d9e7e6d67a7ce785c7814cf62470be8a4b6a62e804cb43fee00c95d2,frozen-phase1-7,UNCHANGED,PASS
Phase 1-7 Research Artifacts,reports\phase5\figures\fig2_score_distributions.png,00c8f3b9dc29601bfe6006f54c46bb83df11e7127b17366740d07a7e88d7c3db,00c8f3b9dc29601bfe6006f54c46bb83df11e7127b17366740d07a7e88d7c3db,frozen-phase1-7,UNCHANGED,PASS
Phase 1-7 Research Artifacts,reports\phase5\figures\fig3_validation_alpha_grid.png,291d0306abd2fb462522c4b64bb2e65320702c2956a185acb467d04f809b2925,291d0306abd2fb462522c4b64bb2e65320702c2956a185acb467d04f809b2925,frozen-phase1-7,UNCHANGED,PASS
Phase 1-7 Research Artifacts,reports\phase5\figures\fig4_methods_comparison.png,b44c6a78b9a4d84dd82a50d5d9b91f36f32ed682f47f461f5201ef6587a9eacd,b44c6a78b9a4d84dd82a50d5d9b91f36f32ed682f47f461f5201ef6587a9eacd,frozen-phase1-7,UNCHANGED,PASS
Phase 1-7 Research Artifacts,reports\phase5\figures\fig5_phase4_hybrid_comparison.png,ee7bbd13e5f54c12398d34ffe5f8c6f6150803ae718817fd5d6f12ac04339ea9,ee7bbd13e5f54c12398d34ffe5f8c6f6150803ae718817fd5d6f12ac04339ea9,frozen-phase1-7,UNCHANGED,PASS
Phase 1-7 Research Artifacts,reports\phase5\figures\fig6_metadata_ablations.png,2e8fe6b01616b93d48f31be6562a58441527f7e3e6c762e79fc994813bd3d116,2e8fe6b01616b93d48f31be6562a58441527f7e3e6c762e79fc994813bd3d116,frozen-phase1-7,UNCHANGED,PASS
Phase 1-7 Research Artifacts,reports\phase5\figures\fig7_cross_acquisition_confound.png,708397fdf18b81dfa9187c6f0135a9005bc41fbdfa1759428a2f3fc6e3d37617,708397fdf18b81dfa9187c6f0135a9005bc41fbdfa1759428a2f3fc6e3d37617,frozen-phase1-7,UNCHANGED,PASS
Phase 1-7 Research Artifacts,reports\phase5\PHASE5_DATA_AUDIT.md,befdca0e740d240102a928c46dd3c7bc493170cc1746eaefa3407c183e8a8d04,befdca0e740d240102a928c46dd3c7bc493170cc1746eaefa3407c183e8a8d04,frozen-phase1-7,UNCHANGED,PASS
Phase 1-7 Research Artifacts,reports\phase5\PHASE5_REPORT.md,87d8461c91935bab0298c3da1570dc5582309aa0da7dcc182378caa5f473f51c,87d8461c91935bab0298c3da1570dc5582309aa0da7dcc182378caa5f473f51c,frozen-phase1-7,UNCHANGED,PASS
Phase 1-7 Research Artifacts,reports\phase5\tables\table_main_test_results.csv,12bcf56c55e0bc6f5e86c7418de8a5c0e87e02c34d93635b6356cd425f6a9a62,12bcf56c55e0bc6f5e86c7418de8a5c0e87e02c34d93635b6356cd425f6a9a62,frozen-phase1-7,UNCHANGED,PASS
Phase 1-7 Research Artifacts,data\processed\phase4\checkpoints\best_checkpoint_seed123.pt,391fd18c95599a6956018be60b6dc8780be4b8154b899f7807c1c3950a0a931f,391fd18c95599a6956018be60b6dc8780be4b8154b899f7807c1c3950a0a931f,frozen-phase1-7,UNCHANGED,PASS
Phase 1-7 Research Artifacts,data\processed\phase4\checkpoints\best_checkpoint_seed2024.pt,c5ebbc7187dd1e643fb4e59ee77b0ab4b49e8aacd9cb4647733a92258e0d8f7b,c5ebbc7187dd1e643fb4e59ee77b0ab4b49e8aacd9cb4647733a92258e0d8f7b,frozen-phase1-7,UNCHANGED,PASS
Phase 1-7 Research Artifacts,data\processed\phase4\checkpoints\best_checkpoint_seed42.pt,53ba60a317a140ceaebdf2e152dea88fd78f2a8bffbec378fc14c84010fd0e62,53ba60a317a140ceaebdf2e152dea88fd78f2a8bffbec378fc14c84010fd0e62,frozen-phase1-7,UNCHANGED,PASS
Phase 1-7 Research Artifacts,data\processed\phase4\embeddings\hcci_adapted_ablation_linear_head_seed42.parquet,590ba1de8845d45d67da0b9a36f724a4ca29552733469ae36f4e93fa8fbe50b8,590ba1de8845d45d67da0b9a36f724a4ca29552733469ae36f4e93fa8fbe50b8,frozen-phase1-7,UNCHANGED,PASS
Phase 1-7 Research Artifacts,data\processed\phase4\embeddings\hcci_adapted_ablation_standard_supcon_seed42.parquet,1e3d1c1252cc92eaa7fc0836e5b187f4f8c21e3c4c1498d1baeb178d0a0c8836,1e3d1c1252cc92eaa7fc0836e5b187f4f8c21e3c4c1498d1baeb178d0a0c8836,frozen-phase1-7,UNCHANGED,PASS
Phase 1-7 Research Artifacts,data\processed\phase4\embeddings\hcci_adapted_proposed_seed123.parquet,f1566e3d28c3cdebe25aa6db9834b6e6199f0d4cbb2e1fc04059d8f186f8ac28,f1566e3d28c3cdebe25aa6db9834b6e6199f0d4cbb2e1fc04059d8f186f8ac28,frozen-phase1-7,UNCHANGED,PASS
Phase 1-7 Research Artifacts,data\processed\phase4\embeddings\hcci_adapted_proposed_seed2024.parquet,323c534abd8714e42001a9d6293d347bd2c095deff1512707aca811cce742927,323c534abd8714e42001a9d6293d347bd2c095deff1512707aca811cce742927,frozen-phase1-7,UNCHANGED,PASS
Phase 1-7 Research Artifacts,data\processed\phase4\embeddings\hcci_adapted_proposed_seed42.parquet,2d528b6772bbe867ae30560575e94d95944dc989ab30ef6b4fc7ebd29e2d22c9,2d528b6772bbe867ae30560575e94d95944dc989ab30ef6b4fc7ebd29e2d22c9,frozen-phase1-7,UNCHANGED,PASS
Phase 1-7 Research Artifacts,data\processed\phase4\metrics\phase4_evaluation_results.json,35aba14d718a7032a47e080477870f3d625768455a97786fd098f60e5bf9aad2,35aba14d718a7032a47e080477870f3d625768455a97786fd098f60e5bf9aad2,frozen-phase1-7,UNCHANGED,PASS
Phase 1-7 Research Artifacts,data\processed\phase4\splits\hcci_instrument_splits.json,bb81b268d241245b8fde478a0c201333cf3e7fed47e3c4d7410f40033b9b7727,bb81b268d241245b8fde478a0c201333cf3e7fed47e3c4d7410f40033b9b7727,frozen-phase1-7,UNCHANGED,PASS
Phase 1-7 Research Artifacts,data\processed\phase4\training_summary.json,b5e8460500b588c92f76ddcf67af5a737cdc929e09de6087d17c76ff7e79fdfc,b5e8460500b588c92f76ddcf67af5a737cdc929e09de6087d17c76ff7e79fdfc,frozen-phase1-7,UNCHANGED,PASS
Phase 1-7 Research Artifacts,artifacts/phase6\duplicate_pairs.parquet,4a64a43f567d720f00ab2834cd5ef02c4d4e142d1bce1ef8499ad06e87f5f16a,4a64a43f567d720f00ab2834cd5ef02c4d4e142d1bce1ef8499ad06e87f5f16a,frozen-phase1-7,UNCHANGED,PASS
Phase 1-7 Research Artifacts,artifacts/phase6\integrated_profile.parquet,776d22fccb173a43d2264cb47a485d86dff74b7ed025efc7c3c1374d96c7de5b,776d22fccb173a43d2264cb47a485d86dff74b7ed025efc7c3c1374d96c7de5b,frozen-phase1-7,UNCHANGED,PASS
Phase 1-7 Research Artifacts,artifacts/phase6\phase6_results.json,3f084a86132c79e88ac2f4074a283ccc57d19942f32900079815e49cb63b8d9e,3f084a86132c79e88ac2f4074a283ccc57d19942f32900079815e49cb63b8d9e,frozen-phase1-7,UNCHANGED,PASS
Phase 1-7 Research Artifacts,artifacts/phase6\redundancy_summary.parquet,d528aa40429fd1a7d2e1a9b32f643aee03d2905d0a71a8d353f7b74805598d8d,d528aa40429fd1a7d2e1a9b32f643aee03d2905d0a71a8d353f7b74805598d8d,frozen-phase1-7,UNCHANGED,PASS
Phase 1-7 Research Artifacts,artifacts/phase6\review_queue.csv,8b3f4bcc557cd21ef0aa486d4535a8ff907390a7c626451cb3533a42619b6c75,8b3f4bcc557cd21ef0aa486d4535a8ff907390a7c626451cb3533a42619b6c75,frozen-phase1-7,UNCHANGED,PASS
Phase 1-7 Research Artifacts,artifacts/phase6\review_queue.json,71c0bf9df4411a8dccf5b22db6d6d65f98695a0adb9ac739240004de0e7ebbac,71c0bf9df4411a8dccf5b22db6d6d65f98695a0adb9ac739240004de0e7ebbac,frozen-phase1-7,UNCHANGED,PASS
Phase 1-7 Research Artifacts,reports/phase6\PHASE6_DATA_AUDIT.md,43ff41695e2aa1f95dc5e6968e5d5fb69712b43cdf8a25278766cbee8b5d1913,43ff41695e2aa1f95dc5e6968e5d5fb69712b43cdf8a25278766cbee8b5d1913,frozen-phase1-7,UNCHANGED,PASS
Phase 1-7 Research Artifacts,reports/phase6\PHASE6_REPORT.md,ccf129c639ae9a838acc6c9a1c5ece3ae9b14ea46cf4ca2c3c69019d88288c8c,ccf129c639ae9a838acc6c9a1c5ece3ae9b14ea46cf4ca2c3c69019d88288c8c,frozen-phase1-7,UNCHANGED,PASS
Phase 1-7 Research Artifacts,reports/phase6\figures\fig10_human_review_budget_yield.png,64ff11c277092835483fe0d824ae26666656e156b32612e9d87cf508a47454d7,64ff11c277092835483fe0d824ae26666656e156b32612e9d87cf508a47454d7,frozen-phase1-7,UNCHANGED,PASS
Phase 1-7 Research Artifacts,reports/phase6\figures\fig11_ablation_knn_k_sensitivity.png,52937cbca2ab4ca8d566c193cdc0fb35d8d5188c8af8c50bb2be4fd1f4234163,52937cbca2ab4ca8d566c193cdc0fb35d8d5188c8af8c50bb2be4fd1f4234163,frozen-phase1-7,UNCHANGED,PASS
Phase 1-7 Research Artifacts,reports/phase6\figures\fig12_runtime_efficiency_breakdown.png,a315245b3d7664d4068c60d7c81ee5568bb9c77654f4556cd5dcf48888c4069d,a315245b3d7664d4068c60d7c81ee5568bb9c77654f4556cd5dcf48888c4069d,frozen-phase1-7,UNCHANGED,PASS
Phase 1-7 Research Artifacts,reports/phase6\figures\fig1_duplicate_cascade_sankey.png,5dcfdfbad72225e551a669e260103f81eb88a7a24c4f24e618a55c17c28de42e,5dcfdfbad72225e551a669e260103f81eb88a7a24c4f24e618a55c17c28de42e,frozen-phase1-7,UNCHANGED,PASS
Phase 1-7 Research Artifacts,reports/phase6\figures\fig2_synthetic_duplicate_roc.png,ae9f29828564026fbe555636749cc221b8ccdd3d0a417a026de8cee963daf466,ae9f29828564026fbe555636749cc221b8ccdd3d0a417a026de8cee963daf466,frozen-phase1-7,UNCHANGED,PASS
Phase 1-7 Research Artifacts,reports/phase6\figures\fig3_redundancy_graph_components.png,4066bba11b8f06f25d660f6b7e53e697c30a06e4f02797d519cadf98e3d89b9a,4066bba11b8f06f25d660f6b7e53e697c30a06e4f02797d519cadf98e3d89b9a,frozen-phase1-7,UNCHANGED,PASS
Phase 1-7 Research Artifacts,reports/phase6\figures\fig4_quality_metrics_distribution.png,e3ad56f7f80dd5ade272240e9e87c2efb9c9ba8602a69673b84d9318bd2feff4,e3ad56f7f80dd5ade272240e9e87c2efb9c9ba8602a69673b84d9318bd2feff4,frozen-phase1-7,UNCHANGED,PASS
Phase 1-7 Research Artifacts,reports/phase6\figures\fig5_synthetic_quality_anomaly_auroc.png,52e768d2a2c4a315410e721a57a509764b27d31ee6b638859545754bcad9e482,52e768d2a2c4a315410e721a57a509764b27d31ee6b638859545754bcad9e482,frozen-phase1-7,UNCHANGED,PASS
Phase 1-7 Research Artifacts,reports/phase6\figures\fig6_novelty_score_distributions.png,66cc68ce68c75ea37328b743e98096a7922493d716dabc988ed2c74de9f33b53,66cc68ce68c75ea37328b743e98096a7922493d716dabc988ed2c74de9f33b53,frozen-phase1-7,UNCHANGED,PASS
Phase 1-7 Research Artifacts,reports/phase6\figures\fig7_novelty_detector_correlation.png,f84871c3c72ced06b9afc90997fb324f54363812f54f7fc075a17422ff119072,f84871c3c72ced06b9afc90997fb324f54363812f54f7fc075a17422ff119072,frozen-phase1-7,UNCHANGED,PASS
Phase 1-7 Research Artifacts,reports/phase6\figures\fig8_diagnostic_matrix_novelty_vs_quality.png,2a9484928ae1491219323ab70c2f6642d8ceddce5e605da76a3034c27d3c15d0,2a9484928ae1491219323ab70c2f6642d8ceddce5e605da76a3034c27d3c15d0,frozen-phase1-7,UNCHANGED,PASS
Phase 1-7 Research Artifacts,reports/phase6\figures\fig9_diagnostic_matrix_redundancy_vs_novelty.png,aaed44e65dfd5e7808bdc209e879ada133db2d3a21d4b7f7953602627a55aa7a,aaed44e65dfd5e7808bdc209e879ada133db2d3a21d4b7f7953602627a55aa7a,frozen-phase1-7,UNCHANGED,PASS
Phase 1-7 Research Artifacts,reports/phase6\pre_phase6_frozen_checksums.json,c40a322a11a9b7a3a6c9b24e4ffeabaa77f66404837fd4e579096d51fc40f1af,c40a322a11a9b7a3a6c9b24e4ffeabaa77f66404837fd4e579096d51fc40f1af,frozen-phase1-7,UNCHANGED,PASS
Phase 1-7 Research Artifacts,artifacts/phase7\MASTER_RESULTS.json,16c879e78af5ce5db55dc96d079a39f4deba564b15e34aa4464bed788926d511,16c879e78af5ce5db55dc96d079a39f4deba564b15e34aa4464bed788926d511,frozen-phase1-7,UNCHANGED,PASS
Phase 1-7 Research Artifacts,artifacts/phase7\dataset_registry.json,6d64ffa06932e0a91752f6d5bfcb4e22645c13d6a00a1b914181bf1602374fe8,6d64ffa06932e0a91752f6d5bfcb4e22645c13d6a00a1b914181bf1602374fe8,frozen-phase1-7,UNCHANGED,PASS
Phase 1-7 Research Artifacts,artifacts/phase7\environment_manifest.json,0d624d023c71622726ae63747663d128c6b0a27e120a56370d3e733e5cb8f785,0d624d023c71622726ae63747663d128c6b0a27e120a56370d3e733e5cb8f785,frozen-phase1-7,UNCHANGED,PASS
Phase 1-7 Research Artifacts,artifacts/phase7\experiment_registry.json,12eb9b51d2904fb3530957cd5fd1dfe27bb1d4dbb292b64cacd72dd7d6228f19,12eb9b51d2904fb3530957cd5fd1dfe27bb1d4dbb292b64cacd72dd7d6228f19,frozen-phase1-7,UNCHANGED,PASS
Phase 1-7 Research Artifacts,artifacts/phase7\frozen_checksums.json,22fb99770b4df3f749a4477d4b8ea546d3803099d21665914d232e657a0be6a2,22fb99770b4df3f749a4477d4b8ea546d3803099d21665914d232e657a0be6a2,frozen-phase1-7,UNCHANGED,PASS
Phase 1-7 Research Artifacts,artifacts/phase7\hardware_manifest.json,933c9f6437ced9cbe97b6355c6d23ca18e5027083b23a732f1a6ad157946b349,933c9f6437ced9cbe97b6355c6d23ca18e5027083b23a732f1a6ad157946b349,frozen-phase1-7,UNCHANGED,PASS
Phase 1-7 Research Artifacts,artifacts/phase7\leakage_audit.json,f2e98a556821a73c2df24439d17950c2fcf0072cbc57153abac0468ac787683e,f2e98a556821a73c2df24439d17950c2fcf0072cbc57153abac0468ac787683e,frozen-phase1-7,UNCHANGED,PASS
Phase 1-7 Research Artifacts,artifacts/phase7\pre_phase7_frozen_checksums.json,5cef6c80b8a0ee83d09a74ececa5e399e6f06194456b57af32c46980a91e5cd9,5cef6c80b8a0ee83d09a74ececa5e399e6f06194456b57af32c46980a91e5cd9,frozen-phase1-7,UNCHANGED,PASS
Phase 1-7 Research Artifacts,artifacts/phase7\random_seed_manifest.json,8f478f26eba35840df8dc17bd65937e39517f17d4d33d3b70735ca780fe7564a,8f478f26eba35840df8dc17bd65937e39517f17d4d33d3b70735ca780fe7564a,frozen-phase1-7,UNCHANGED,PASS
Phase 1-7 Research Artifacts,artifacts/phase7\statistical_results.json,de73526ddebf7f6d3dda3df5331f190382ab438ac978a262c922a07039cb0796,de73526ddebf7f6d3dda3df5331f190382ab438ac978a262c922a07039cb0796,frozen-phase1-7,UNCHANGED,PASS
Phase 1-7 Research Artifacts,reports/phase7\CLAIM_EVIDENCE_MATRIX.md,0aa33b8e3291f67cbca20c4c01ebe407f6f4eb35d93c458d022c02ca6228998b,0aa33b8e3291f67cbca20c4c01ebe407f6f4eb35d93c458d022c02ca6228998b,frozen-phase1-7,UNCHANGED,PASS
Phase 1-7 Research Artifacts,reports/phase7\LEAKAGE_AUDIT.md,a823317fe03a520b391853d2a1d16a3311d019ada7e292efefb943729da65351,a823317fe03a520b391853d2a1d16a3311d019ada7e292efefb943729da65351,frozen-phase1-7,UNCHANGED,PASS
Phase 1-7 Research Artifacts,reports/phase7\PHASE7_REPORT.md,861d1ef9c11a34c0b6ac251eebf2def10772ce5698d51c9538217f170f622b17,861d1ef9c11a34c0b6ac251eebf2def10772ce5698d51c9538217f170f622b17,frozen-phase1-7,UNCHANGED,PASS
Phase 1-7 Research Artifacts,reports/phase7\RESEARCH_QUESTIONS.md,526d30ce6c56c5530aa18047ce826340f8d40fcd3905036210046938df834549,526d30ce6c56c5530aa18047ce826340f8d40fcd3905036210046938df834549,frozen-phase1-7,UNCHANGED,PASS
Phase 1-7 Research Artifacts,reports/phase7\figures\fig10_latency_vs_retention.png,17c1a36c51007369ee06e8b8e5613fdfeb8490feab5fc8ab2832ef93c77c7b0e,17c1a36c51007369ee06e8b8e5613fdfeb8490feab5fc8ab2832ef93c77c7b0e,frozen-phase1-7,UNCHANGED,PASS
Phase 1-7 Research Artifacts,reports/phase7\figures\fig11_curation_queue_yield.png,d1fcbc7b00e77b88ebe03488310b0f56b88e66c20cd2a296515a1ea8d1e71681,d1fcbc7b00e77b88ebe03488310b0f56b88e66c20cd2a296515a1ea8d1e71681,frozen-phase1-7,UNCHANGED,PASS
Phase 1-7 Research Artifacts,reports/phase7\figures\fig12_claim_evidence_topology.png,19bf883c5e40080340b8732a52be45cd1a1b02aff0d36c998adfe7763639ec09,19bf883c5e40080340b8732a52be45cd1a1b02aff0d36c998adfe7763639ec09,frozen-phase1-7,UNCHANGED,PASS
Phase 1-7 Research Artifacts,reports/phase7\figures\fig1_system_architecture.png,ebbb25c39c5ff69ffc274d8bf3a031168ef400411cef1c4acfc34ed6ad3032b8,ebbb25c39c5ff69ffc274d8bf3a031168ef400411cef1c4acfc34ed6ad3032b8,frozen-phase1-7,UNCHANGED,PASS
Phase 1-7 Research Artifacts,reports/phase7\figures\fig2_benchmark_topology.png,79e025ae8de4e3b391169b1ed2f5f0e886bdbd3162b683fca8734f08fa6e0fd4,79e025ae8de4e3b391169b1ed2f5f0e886bdbd3162b683fca8734f08fa6e0fd4,frozen-phase1-7,UNCHANGED,PASS
Phase 1-7 Research Artifacts,reports/phase7\figures\fig3_retrieval_comparison.png,f0ec945050cec6c747de11519b402208a6efb1c1694291c42c878c6e0d0df3d9,f0ec945050cec6c747de11519b402208a6efb1c1694291c42c878c6e0d0df3d9,frozen-phase1-7,UNCHANGED,PASS
Phase 1-7 Research Artifacts,reports/phase7\figures\fig4_acquisition_geometry.png,02b75e18e1924bb91d16b8c0474bba9876bb0d682c5f8b22cc28ade740178c64,02b75e18e1924bb91d16b8c0474bba9876bb0d682c5f8b22cc28ade740178c64,frozen-phase1-7,UNCHANGED,PASS
Phase 1-7 Research Artifacts,reports/phase7\figures\fig5_metadata_calibration.png,e9fd265a01c07a16ba260acdcc82d558b9409017259101dbf2c076a3e2ca7c37,e9fd265a01c07a16ba260acdcc82d558b9409017259101dbf2c076a3e2ca7c37,frozen-phase1-7,UNCHANGED,PASS
Phase 1-7 Research Artifacts,reports/phase7\figures\fig6_duplicate_pr_curve.png,aebabcdc1ddfcbb3b08d6ed43ba32496ae7f4b849b57f00c75c6fd0bc1cc4d96,aebabcdc1ddfcbb3b08d6ed43ba32496ae7f4b849b57f00c75c6fd0bc1cc4d96,frozen-phase1-7,UNCHANGED,PASS
Phase 1-7 Research Artifacts,reports/phase7\figures\fig7_quality_risk_roc.png,a1ad598fb4c96cfcd1cc0b0ecdf2e00865e765d0ef4b35f4e8ada148e4610394,a1ad598fb4c96cfcd1cc0b0ecdf2e00865e765d0ef4b35f4e8ada148e4610394,frozen-phase1-7,UNCHANGED,PASS
Phase 1-7 Research Artifacts,reports/phase7\figures\fig8_novelty_domain_shift.png,c678f501119c3ded781838d13e7621703c10a6caab750ef446c1e1ffd7039dc2,c678f501119c3ded781838d13e7621703c10a6caab750ef446c1e1ffd7039dc2,frozen-phase1-7,UNCHANGED,PASS
Phase 1-7 Research Artifacts,reports/phase7\figures\fig9_system_ablation.png,15064692fa29f904fbb27389a2c51edbd6e97c8b50c5aefb05bbc3b7513784bd,15064692fa29f904fbb27389a2c51edbd6e97c8b50c5aefb05bbc3b7513784bd,frozen-phase1-7,UNCHANGED,PASS
Phase 9 Manuscript Deliverables,reports/phase9\PHASE9_ABSTRACT.md,fc104eea1fca51f12ae99e04988bce2c35b43753686fe8587a66cdd5d4ee27c1,fc104eea1fca51f12ae99e04988bce2c35b43753686fe8587a66cdd5d4ee27c1,frozen-phase9,UNCHANGED,PASS
Phase 9 Manuscript Deliverables,reports/phase9\PHASE9_CLAIM_EVIDENCE_MAP.md,b51633a269411da9076963c3267af12317a089d182d492083434555261682fd3,b51633a269411da9076963c3267af12317a089d182d492083434555261682fd3,frozen-phase9,UNCHANGED,PASS
Phase 9 Manuscript Deliverables,reports/phase9\PHASE9_CONCLUSION.md,304d40be3909e5463cb31e9965706e267846da4b5c885c3311f04d3d6e224f88,304d40be3909e5463cb31e9965706e267846da4b5c885c3311f04d3d6e224f88,frozen-phase9,UNCHANGED,PASS
Phase 9 Manuscript Deliverables,reports/phase9\PHASE9_DISCUSSION.md,3a99c0998cd432bdeffa234de6cc47166577a1e559d735cef9bb47757ae65069,3a99c0998cd432bdeffa234de6cc47166577a1e559d735cef9bb47757ae65069,frozen-phase9,UNCHANGED,PASS
Phase 9 Manuscript Deliverables,reports/phase9\PHASE9_EXPERIMENTAL_PROTOCOL.md,b8bc628bbd335745a6223c8e67a459a8cb1c3aba6e72eb84d85724c6f4c897d1,b8bc628bbd335745a6223c8e67a459a8cb1c3aba6e72eb84d85724c6f4c897d1,frozen-phase9,UNCHANGED,PASS
Phase 9 Manuscript Deliverables,reports/phase9\PHASE9_FIGURE_SPECIFICATIONS.md,f29bc4f3fc2b1dcafe5ea0fbe157a01c2c00fda897a55bf3d00f08bb67f44a81,f29bc4f3fc2b1dcafe5ea0fbe157a01c2c00fda897a55bf3d00f08bb67f44a81,frozen-phase9,UNCHANGED,PASS
Phase 9 Manuscript Deliverables,reports/phase9\PHASE9_FINAL_RELEASE_AUDIT.md,6ea6b660ad117a6b77ebc39e60afdebbf43fe3ab0a3b3294dd2b29f48083bac7,6ea6b660ad117a6b77ebc39e60afdebbf43fe3ab0a3b3294dd2b29f48083bac7,frozen-phase9,UNCHANGED,PASS
Phase 9 Manuscript Deliverables,reports/phase9\PHASE9_INTRODUCTION.md,e462ffce68cab6605a1fcdc73b26e514bbc67ea8e8c85167a28b5819687dc184,e462ffce68cab6605a1fcdc73b26e514bbc67ea8e8c85167a28b5819687dc184,frozen-phase9,UNCHANGED,PASS
Phase 9 Manuscript Deliverables,reports/phase9\PHASE9_LIMITATIONS.md,0004ad2b9b5969b683e954fdd037ca66fa82b5053e05a03c99e29c1e0a9d13d1,0004ad2b9b5969b683e954fdd037ca66fa82b5053e05a03c99e29c1e0a9d13d1,frozen-phase9,UNCHANGED,PASS
Phase 9 Manuscript Deliverables,reports/phase9\PHASE9_MANUSCRIPT_AUDIT.md,b116bd4c8a805b4570011c3c00e71e74bef5dc7ac45210877b8a47e322491eab,b116bd4c8a805b4570011c3c00e71e74bef5dc7ac45210877b8a47e322491eab,frozen-phase9,UNCHANGED,PASS
Phase 9 Manuscript Deliverables,reports/phase9\PHASE9_MASTER_MANUSCRIPT.md,a78f8f696b992200ce70cbb1e93c422d76d0068c3c6112e3dae10d31b9d734bf,a78f8f696b992200ce70cbb1e93c422d76d0068c3c6112e3dae10d31b9d734bf,frozen-phase9,UNCHANGED,PASS
Phase 9 Manuscript Deliverables,reports/phase9\PHASE9_METHODOLOGY.md,89e0b1bcce073d3699eb047a7ea25427158050d3f8eec3de055e58e37c5de81c,89e0b1bcce073d3699eb047a7ea25427158050d3f8eec3de055e58e37c5de81c,frozen-phase9,UNCHANGED,PASS
Phase 9 Manuscript Deliverables,reports/phase9\PHASE9_REFERENCE_PLAN.md,1cb64a828ee40e22e63b0a4d534bc4dad1d8675ef1aa0d733de3b503e9f64226,1cb64a828ee40e22e63b0a4d534bc4dad1d8675ef1aa0d733de3b503e9f64226,frozen-phase9,UNCHANGED,PASS
Phase 9 Manuscript Deliverables,reports/phase9\PHASE9_RELATED_WORK.md,b764044680bbc366c882b9c9d1deab9c472ab35a00c5614208b4d68cdc46cbde,b764044680bbc366c882b9c9d1deab9c472ab35a00c5614208b4d68cdc46cbde,frozen-phase9,UNCHANGED,PASS
Phase 9 Manuscript Deliverables,reports/phase9\PHASE9_REPRODUCIBILITY.md,546266f0999b7020b11e8011c23b6908e9d5dbcf5a01ceeb69fac39c8c922938,546266f0999b7020b11e8011c23b6908e9d5dbcf5a01ceeb69fac39c8c922938,frozen-phase9,UNCHANGED,PASS
Phase 9 Manuscript Deliverables,reports/phase9\PHASE9_RESULTS.md,49a885cefe528bbc8321e7114e1f1220603e1db60b57b043ae0d19f2d520488d,49a885cefe528bbc8321e7114e1f1220603e1db60b57b043ae0d19f2d520488d,frozen-phase9,UNCHANGED,PASS
Phase 9 Manuscript Deliverables,reports/phase9\PHASE9_TABLES.md,a1fd42f7cfab89ca36eb8a391262306ca083e0292c9ccc7bf3cbfd06b0adaa38,a1fd42f7cfab89ca36eb8a391262306ca083e0292c9ccc7bf3cbfd06b0adaa38,frozen-phase9,UNCHANGED,PASS
Baseline Checkpoint,data/processed/phase4/checkpoints/best_checkpoint_seed42.pt,53ba60a317a140ceaebdf2e152dea88fd78f2a8bffbec378fc14c84010fd0e62,53ba60a317a140ceaebdf2e152dea88fd78f2a8bffbec378fc14c84010fd0e62,v1.1.0-submission-ready,UNCHANGED,PASS
