experiment_id,claim_id,claim,source_artifact,dataset,dataset_size,query_size,gallery_size,split,positive_definition,model,checkpoint,seed,metric,reported_value,recomputed_value,statistical_method,statistical_unit,p_value,effect_size,confidence_interval,evidence_status,claim_status,limitations,action
P13-EXP-01,C-01,DINOv2 ViT-S/14 baseline achieved higher R@1 and MRR than ImageNet-pretrained ResNet-50 on held-out Zeiss Gemini benchmark,artifacts/phase13/resnet50_benchmark_results.json,Zeiss GeminiSEM held-out test split,5577,212,5365,split_seed42,Identical microstructural class,ResNet-50 vs DINOv2 B3,Torchvision ResNet-50 vs DINOv2 ViT-S/14,42,R@1; MRR; P@5; R@5,"R@1=0.9245, MRR=0.9542, P@5=0.8670, R@5=1.0000","R@1=0.9245, MRR=0.9542, P@5=0.8670, R@5=1.0000",Exact ranking evaluation over N=212 queries,Individual query rank,N/A (Descriptive population metric),Delta R@1 = +0.0236,N/A,VERIFIED,REVISED_SCOPED,"ResNet-50 achieved higher R@5 and R@10 (1.0000 vs 0.9906); superior fine-grained patch localization not directly measured",INTEGRATE_WITH_LIMITATION
P13-EXP-02,C-02,DINOv2 patch tokens retain higher microstructural discriminability than CLS token alone,reports/phase13/PHASE13_ABLATION_MATRIX.csv,Zeiss GeminiSEM held-out test split,5577,212,5365,split_seed42,Identical microstructural class,DINOv2 ViT-S/14 token ablation,Torchvision / Hub ViT-S/14,42,R@1; MRR,"Full=0.9481, Patch=0.9151, CLS=0.8774","Full=0.9481, Patch=0.9151, CLS=0.8774",Token pooling ablation ranking,Individual query rank,N/A,Delta R@1 = -0.0707 (CLS vs Full),N/A,VERIFIED,SUPPORTED,Evaluated on static frozen ViT patch tokens without spatial cross-attention re-weighting,INTEGRATE
P13-EXP-03,C-04,Conditioning visual representations on evaluated metadata configuration using a gated MLP reduced retrieval performance on this benchmark,artifacts/phase13/nonlinear_fusion_results.json,Zeiss GeminiSEM with 7 standardized metadata features,5577,212,5365,split_seed42,Identical microstructural class,Non-linear Gated MLP (d_m=7 to 64, d_v=384 to 256),Trained gated MLP checkpoint,42,R@1; MRR; P@5,"R@1=0.5896, MRR=0.7034, P@5=0.5745","R@1=0.5896, MRR=0.7034, P@5=0.5745",Non-linear multi-layer perceptron ranking,Individual query rank,N/A,Delta R@1 = -0.3585 vs Visual B3,N/A,VERIFIED_NEGATIVE_RESULT,REVISED_SCOPED,"Causality not directly proven; failure mechanism is a hypothesized feature space confounding rather than proven instrument interference",INTEGRATE_WITH_LIMITATION
P13-EXP-04,C-03,Zero-shot transfer to biological TEM yields moderate retrieval retention that improves under fine-tuning,reports/phase13/PHASE13_CROSS_DOMAIN_REPORT.md,OpenMicroscopy Bio-Image public TEM subset,1200,100,1100,random_80_20,Domain semantic category,DINOv2 ViT-S/14,best_checkpoint_seed42.pt,42,R@1; MRR,"Zero-shot R@1=0.7642, Fine-tuned R@1=0.9104","Zero-shot R@1=0.7642, Fine-tuned R@1=0.9104",Cross-domain cosine retrieval,Individual query rank,N/A,Delta R@1 = +0.1462,N/A,VERIFIED,SUPPORTED,Preliminary biological domain subset; does not cover cryo-TEM or electron diffraction contrast,SUPPLEMENTARY_ONLY
P13-EXP-05,C-05,The model showed retrieval degradation under controlled synthetic image perturbations,artifacts/phase13/robustness_benchmark_results.json,Zeiss GeminiSEM test queries with synthetic corruptions,212,212,5365,split_seed42,Identical microstructural class,DINOv2 SupCon B4,best_checkpoint_seed42.pt,42,R@1; Relative Retention,"Clean=0.9434, JPEG50=0.9057 (96%), Scalebar=0.8491 (90%), Contrast=0.7264 (77%), Noise=0.6038 (64%), Blur=0.4528 (48%)","Clean=0.9434, JPEG50=0.9057, Scalebar=0.8491, Contrast=0.7264, Noise=0.6038, Blur=0.4528",Algorithmic perturbation ranking degradation,Individual query rank,N/A,Retention range: 48% to 96%,N/A,VERIFIED,REVISED_SCOPED,"Synthetic perturbations are mathematical approximations, not direct hardware microscope failure measurements; clean baseline 0.9434 corresponds to B4 seed42",INTEGRATE_WITH_LIMITATION
P13-EXP-06,C-07,An engineering stress test evaluated FAISS vector-index latency and throughput up to 100K vectors on host CPU hardware,artifacts/phase13/scaling_benchmark_results.json,Synthetic replicated vector index based on DINOv2 embeddings,100000,100,100000,synthetic_expansion,Exact nearest neighbor query,FAISS Flat vs HNSW (M=32),In-memory vector indices,42,Search Latency (ms); Throughput (QPS); Speedup,"5K=0.096ms (10384 QPS), 100K=0.317ms (3155 QPS, 15.64x speedup)","5K=0.096ms, 100K=0.317ms, Speedup=15.64x",Repeated query execution benchmark (100 query runs),Per-query latency timer,N/A,Speedup: 1.55x at 5K to 15.64x at 100K,N/A,VERIFIED,REVISED_SCOPED,"Engineering stress test using synthetic replicated vectors, NOT a scientific validation on a 100K-image real microscopy corpus; runtime subject to host OS thread scheduling",INTEGRATE_WITH_LIMITATION
P13-EXP-07,C-06,Forensic analysis categorized 11 false nearest neighbor benchmark errors across four structural failure modes,reports/phase13/PHASE13_FAILURE_TAXONOMY.csv,Zeiss GeminiSEM held-out test split,5577,212,5365,split_seed42,Identical microstructural class,DINOv2 ViT-S/14 B3,Torchvision / Hub ViT-S/14,42,Error count; Error percentage,"11 errors (5.19%): 4 Carbide (36.4%), 3 BSE (27.3%), 2 Drift (18.2%), 2 Scalebar (18.2%)","11 errors (5.19%): 4 Carbide, 3 BSE, 2 Drift, 2 Scalebar",Taxonomic failure classification,Individual failed query,N/A,N/A,N/A,VERIFIED,SUPPORTED,"Evaluates false nearest neighbors against designated benchmark positive class; does not imply image is scientifically invalid in a metallurgical context",INTEGRATE
P13-EXP-08,C-08,Double-blind review across 100 stratified review-queue triage events showed substantial inter-annotator agreement,reports/phase13/PHASE13_HUMAN_CURATION_RESULTS.md,Stratified review queue samples from Carinthia and HCCI repositories,100,100,N/A,stratified_sample,Expert consensus category,Curation Review Workflow,N/A,N/A,Cohen's Kappa; Percent Agreement; Review Duration,"Kappa=0.842 (95% CI: 0.758-0.926), Agreement=91.0%, Review Duration=42.5s","Kappa=0.842, Agreement=91.0%, Duration=42.5s",Pairwise Cohen's Kappa between 2 blind raters,Individual curated image,p < 0.001 (Z = 19.68),Kappa = 0.842,[0.758, 0.926],VERIFIED,REVISED_SCOPED,"Categories reflect expert-identified novelty/quality cases rather than pre-existing objective physical ground truth; consensus reached post-hoc with adjudicator",INTEGRATE_WITH_LIMITATION
P13-EXP-09,C-09,Nearest-neighbor retrieval-score margin heuristic exhibits score compression and limited discriminative calibration,artifacts/phase13/uncertainty_calibration.json,Zeiss GeminiSEM test queries,212,212,5365,split_seed42,Identical microstructural class,DINOv2 ViT-S/14 B3,Torchvision / Hub ViT-S/14,42,Mean margin; AUROC; Tier Accuracy,"Mean margin=0.0099, AUROC=0.5146, High-conf=95.28%, Low-conf=93.40%","Mean margin=0.0099, AUROC=0.5146, High-conf=95.28%, Low-conf=93.40%",AUROC for binary correctness discrimination,Individual query margin,N/A,AUROC = 0.5146 (near random),N/A,VERIFIED_NEGATIVE_RESULT,SUPPORTED,"Raw score margin is not a calibrated confidence probability; AUROC ~0.515 represents an empirical negative finding regarding margin-based uncertainty",INTEGRATE_WITH_LIMITATION
P13-EXP-10,C-10,Platform hardening verified 14/15 criteria on host runtime with 218/218 passing tests while container runtime is truthfully reported as unexecuted,reports/phase13/closure_audit/PHASE13_PLATFORM_CRITERIA_AUDIT.csv,Phase 8 and Phase 13 software codebase,N/A,N/A,N/A,N/A,N/A,FastAPI backend and FAISS index,N/A,N/A,Passing Criteria Count; Pass Rate,"14/15 passed (93.3%); 218/218 tests passed (100%)","14/15 passed; 218/218 tests passed",Host-level test suite execution,Unit/integration test cases,N/A,Pass rate = 100% on host,N/A,VERIFIED,SUPPORTED,Container runtime unexecuted due to host Docker Desktop engine daemon unavailability,INTEGRATE_WITH_LIMITATION
