claim,evidence,scope,limitation,recommended_wording,location,status
DINOv2 ViT-S/14 baseline achieves higher R@1 and MRR than ImageNet-pretrained ResNet-50,artifacts/phase13/resnet50_benchmark_results.json,Held-out Zeiss GeminiSEM test split (N=212),ResNet-50 achieved higher R@5 and R@10 (1.0000 vs 0.9906); patch localization not directly measured,"On the evaluated held-out Zeiss Gemini retrieval benchmark, DINOv2 achieved higher R@1 and MRR than the ImageNet-pretrained ResNet-50 baseline, while ResNet-50 achieved higher R@5/R@10.",Section 3.2 / Table 2,INTEGRATE_WITH_LIMITATION
Supervised contrastive adaptation B4 delivers highest precision at rank 5,artifacts/phase13/resnet50_benchmark_results.json,Held-out Zeiss GeminiSEM test split,Requires domain-labeled classes for contrastive adaptation,"Supervised contrastive fine-tuning yielded the highest top-5 precision density (P@5 = 0.9053 vs 0.8670 for ResNet-50).",Section 3.3 / Table 3,INTEGRATE
Token pooling ablation confirms patch tokens retain microstructural texture,reports/phase13/PHASE13_ABLATION_MATRIX.csv,Zeiss GeminiSEM test split,Evaluated on static frozen ViT patch tokens without spatial cross-attention,"Ablation analysis indicates that patch-level token representations outperform global CLS token representations for microstructural retrieval.",Section 3.4 / Table 4,INTEGRATE
Conditioning visual representations on evaluated metadata configuration using a gated MLP reduced retrieval performance,artifacts/phase13/nonlinear_fusion_results.json,Zeiss GeminiSEM with 7 standardized metadata fields,Evaluated on standardized acquisition metadata; causality is hypothesized rather than physically proven,"On this benchmark, conditioning the visual representation on the evaluated metadata configuration reduced retrieval performance.",Section 4.2 / Table 5,INTEGRATE_WITH_LIMITATION
Preliminary transfer to biological TEM yields moderate zero-shot retrieval that improves under fine-tuning,reports/phase13/PHASE13_CROSS_DOMAIN_REPORT.md,OpenMicroscopy Bio-Image public TEM subset (N=1200),Preliminary biological subset; does not cover diffraction contrast or cryo-TEM,"Preliminary cross-domain evaluation demonstrates viable zero-shot transfer to biological TEM micrographs.",Supplementary Material B,SUPPLEMENTARY_ONLY
Retrieval shows graceful degradation under controlled synthetic perturbations with severe degradation under defocus blur,artifacts/phase13/robustness_benchmark_results.json,Zeiss GeminiSEM test queries (N=212),Controlled mathematical perturbations rather than field microscope measurements,"The model showed degradation under controlled image perturbations, with severe defocus blur reducing R@1 retention to 48%.",Section 5.1 / Table 6,INTEGRATE_WITH_LIMITATION
Engineering stress test demonstrates sub-millisecond vector retrieval scaling up to 100K vectors on host CPU hardware,artifacts/phase13/scaling_benchmark_results.json,Synthetic replicated vector index based on DINOv2 embeddings,Engineering stress test using synthetic vectors, NOT a real 100K microscopy archive,"An engineering stress test evaluated vector-index behavior up to 100K vectors, maintaining sub-millisecond query latency under FAISS HNSW.",Section 6.1 / Table 7,INTEGRATE_WITH_LIMITATION
Forensic analysis categorizes 11 false nearest neighbor benchmark errors across four structural failure modes,reports/phase13/PHASE13_FAILURE_TAXONOMY.csv,Zeiss GeminiSEM held-out test split,Benchmark errors against designated positive class; not physical defect falsity,"Forensic analysis of the 11 top-1 retrieval errors identified four recurring failure modes: carbide ambiguity, BSE contrast clipping, beam drift, and scale-bar incursions.",Section 6.3 / Table 8,INTEGRATE
Expert-in-the-loop double-blind triage review demonstrated substantial inter-annotator agreement,reports/phase13/PHASE13_HUMAN_CURATION_RESULTS.md,100 stratified review queue images evaluated by two specialists,Consensus categories reflect expert-identified novelty/quality cases rather than external physical ground truth,"Double-blind review across 100 triage events demonstrated substantial inter-annotator agreement (Cohen's Kappa = 0.842) for expert-identified novelty and quality cases.",Section 7.1 / Table 9,INTEGRATE_WITH_LIMITATION
Nearest-neighbor retrieval-score margin heuristic exhibits score compression and limited discriminative calibration,artifacts/phase13/uncertainty_calibration.json,Zeiss GeminiSEM test queries (N=212),Score margin is not a calibrated confidence probability (AUROC = 0.5146),"Evaluation of the nearest-neighbor score margin revealed score compression and limited discriminative power (AUROC = 0.5146) for predicting retrieval correctness.",Section 7.2,INTEGRATE_WITH_LIMITATION
Host platform verified across 14 of 15 criteria with 218 passing tests while container runtime is truthfully reported as unexecuted,reports/phase13/closure_audit/PHASE13_PLATFORM_CRITERIA_AUDIT.csv,Phase 8 and Phase 13 codebase,Host verified on Windows 11; container runtime unexecuted due to inactive daemon,"The platform passed 14 of 15 hardening criteria and 218 unit/integration tests natively on the host, while containerized deployment was not executed due to host environment limitations.",Section 8.1,INTEGRATE_WITH_LIMITATION
Broad claims of multi-tenant enterprise deployment and federated laboratory networks,None,Conceptual design,"Unimplemented speculative architecture; not evaluated in Phase 13","The platform architecture is designed with modular interfaces to support future multi-tenant and federated deployments.",Section 8.4,INTERNAL_RESEARCH_ONLY
Claims that DINOv2 ViT-S/14 is universally superior to convolutional architectures,None,Generalization beyond benchmark,Unsupported broad generalization,"Do not use absolute claims of architectural superiority; restrict scope strictly to the evaluated benchmark.",N/A,DO_NOT_USE
Claims that metadata causally damages visual retrieval representations,None,Causal assertion,Causality not proven experimentally,"Do not make causal claims; use 'conditioning on the evaluated metadata configuration reduced retrieval performance'.",N/A,DO_NOT_USE
Claims that the curation system identifies absolute ground-truth physical anomalies,None,Physical ground truth,No external destructive metallographic ground truth exists,"Do not use 'True Anomalies'; use 'Expert-identified novelty/quality cases'.",N/A,DO_NOT_USE
