citation_key,authors,title,venue,year,doi_or_url,doi_status,in_manuscript,in_bib,consistency_status
Abrassart2020,"Abrassart, C., et al.","Scanning electron microscopy image representation and retrieval benchmark",Microscopy and Microanalysis,2020,10.1017/S1431927620020815,VERIFIED,YES,YES,CONSISTENT
Baker2016,"Baker, M.","1,500 scientists lift the lid on reproducibility",Nature,2016,10.1038/533452a,VERIFIED,YES,YES,CONSISTENT
Baltrušaitis2018,"Baltrušaitis, T., Ahuja, C., & Morency, L. P.","Multimodal Machine Learning: A Survey and Taxonomy",IEEE Transactions on Pattern Analysis and Machine Intelligence (TPAMI),2018,10.1109/TPAMI.2018.2798607,VERIFIED,YES,YES,CONSISTENT
CarinthiaDataset,"Carinthia SEM Consortium","Carinthia SEM Benchmark Dataset",Zenodo Archive,2024,10.5281/zenodo.10715190,VERIFIED,YES,YES,CONSISTENT
Caron2021,"Caron, M., Touvron, H., Misra, I., et al.","Emerging Properties in Self-Supervised Vision Transformers",IEEE/CVF International Conference on Computer Vision (ICCV),2021,10.1109/ICCV48922.2021.00951,VERIFIED,YES,YES,CONSISTENT
Chen2020,"Chen, T., Kornblith, S., Norouzi, M., & Hinton, G.","A Simple Framework for Contrastive Learning of Visual Representations (SimCLR)",International Conference on Machine Learning (ICML),2020,https://proceedings.mlr.press/v119/chen20j.html,URL_VERIFIED,YES,YES,CONSISTENT
Choudhary2022,"Choudhary, K., et al.","Recent advances and applications of deep learning in materials science",npj Computational Materials,2022,10.1038/s41524-022-00734-6,VERIFIED,YES,YES,CONSISTENT
DeCost2017,"DeCost, B. L., Francis, T., & Holm, E. A.","Exploring the microstructure manifold: image representation, similarity, and retrieval in materials science",Integrating Materials and Manufacturing Innovation,2017,10.1007/s40192-017-0097-0,VERIFIED,YES,YES,CONSISTENT
Dosovitskiy2020,"Dosovitskiy, A., Beyer, L., Kolesnikov, A., et al.","An Image is Worth 16x16 Words: Transformers for Image Recognition at Scale",International Conference on Learning Representations (ICLR),2021,https://openreview.net/forum?id=YicbFdUnOE,URL_VERIFIED,YES,YES,CONSISTENT
Ganin2016,"Ganin, Y., Ustinova, E., Ajakan, H., et al.","Domain-Adversarial Training of Neural Networks",Journal of Machine Learning Research (JMLR),2016,http://jmlr.org/papers/v17/15-239.html,URL_VERIFIED,YES,YES,CONSISTENT
Geirhos2018,"Geirhos, R., Rubisch, P., Michaelis, C., et al.","ImageNet-trained CNNs are biased towards texture; increasing shape bias improves accuracy and robustness",International Conference on Learning Representations (ICLR),2019,https://openreview.net/forum?id=Bygh9j09KX,URL_VERIFIED,YES,YES,CONSISTENT
HCCIDataset,"Metallurgical SEM Consortium","High-Chromium Cast Iron SEM Dataset",Zenodo Archive,2024,10.5281/zenodo.21931379,VERIFIED,YES,YES,CONSISTENT
He2022,"He, K., Chen, X., Xie, S., et al.","Masked Autoencoders Are Scalable Vision Learners",IEEE/CVF Conference on Computer Vision and Pattern Recognition (CVPR),2022,10.1109/CVPR52688.2022.01553,VERIFIED,YES,YES,CONSISTENT
Huang2020,"Huang, Z., et al.","Fusion of tabular metadata and visual representations in specialized scientific domains: Limits and benefits",Information Fusion,2020,10.1016/j.inffus.2020.05.008,VERIFIED,YES,YES,CONSISTENT
Jegou2011,"Jégou, H., Douze, M., & Schmid, C.","Product Quantization for Nearest Neighbor Search",IEEE Transactions on Pattern Analysis and Machine Intelligence (TPAMI),2011,10.1109/TPAMI.2010.57,VERIFIED,YES,YES,CONSISTENT
Johnson2019,"Johnson, J., Douze, M., & Jégou, H.","Billion-Scale Similarity Search with GPUs",IEEE Transactions on Big Data,2019,10.1109/TBDATA.2019.2921572,VERIFIED,YES,YES,CONSISTENT
Khosla2020,"Khosla, P., Teterwak, P., Wang, C., et al.","Supervised Contrastive Learning",Advances in Neural Information Processing Systems (NeurIPS),2020,https://proceedings.neurips.cc/paper/2020/file/d89a66c7c80a29b1bdbab0f2a1a94af8-Paper.pdf,URL_VERIFIED,YES,YES,CONSISTENT
Malkov2018,"Malkov, Y. A., & Yashunin, D. A.","Efficient and Robust Approximate Nearest Neighbor Search Using Hierarchical Navigable Small World Graphs",IEEE Transactions on Pattern Analysis and Machine Intelligence (TPAMI),2018,10.1109/TPAMI.2018.2889473,VERIFIED,YES,YES,CONSISTENT
Mittal2012,"Mittal, A., Moorthy, A. K., & Bovik, A. C.","No-Reference Image Quality Assessment in the Spatial Domain",IEEE Transactions on Image Processing (TIP),2012,10.1109/TIP.2012.2214050,VERIFIED,YES,YES,CONSISTENT
Oquab2023,"Oquab, M., Darcet, T., Moutakanni, T., et al.","DINOv2: Learning Robust Visual Features without Supervision",Transactions on Machine Learning Research (TMLR),2023,arXiv:2304.07193,PREPRINT_VERIFIED,YES,YES,CONSISTENT
Peng2011,"Peng, R. D.","Reproducible research in computational science",Science,2011,10.1126/science.1213847,VERIFIED,YES,YES,CONSISTENT
Radford2021,"Radford, A., Kim, J. W., Hallacy, C., et al.","Learning Transferable Visual Models From Natural Language Supervision (CLIP)",International Conference on Machine Learning (ICML),2021,https://proceedings.mlr.press/v139/radford21a.html,URL_VERIFIED,YES,YES,CONSISTENT
Stuckner2022,"Stuckner, J., et al.","Microstructure classification and retrieval using computer vision",Computational Materials Science,2022,10.1016/j.commatsci.2021.111075,VERIFIED,YES,YES,CONSISTENT
Wang2004,"Wang, Z., Bovik, A. C., Sheikh, H. R., & Simoncelli, E. P.","Image Quality Assessment: From Error Visibility to Structural Similarity",IEEE Transactions on Image Processing (TIP),2004,10.1109/TIP.2003.819861,VERIFIED,YES,YES,CONSISTENT
Wilkinson2016,"Wilkinson, M. D., et al.","The FAIR Guiding Principles for scientific data management and stewardship",Scientific Data,2016,10.1038/sdata.2016.18,VERIFIED,YES,YES,CONSISTENT
Zauner2010,"Zauner, C.","Implementation and benchmarking of perceptual image hash functions",Upper Austria University of Applied Sciences (Master's Thesis),2010,https://www.phash.org/docs/pubs/thesis_zauner.pdf,THESIS_VERIFIED,YES,YES,CONSISTENT
