item_type,item_id,caption_title,manuscript_citation,source_artifact,unit_or_metrics,statistical_annotations,sample_size_n,audit_status,notes
FIGURE,Figure 1,End-to-End Scientific Image Data Management Architecture,Section 5,src/platform/app.py,Flowchart panels A-E,N/A,Full Pipeline,PASS,300 DPI vector flow; covers ingestion to curation
FIGURE,Figure 2,Leakage-Controlled Research Benchmark Methodology,Section 6.1,reports/phase7/figures/fig2_benchmark_topology.png,Block diagram,10-point audit checks A-J,"427 train, 135 val, 212 test",PASS,Strict cross-instrument isolation depicted
FIGURE,Figure 3,Specimen Alloy Distribution & Multi-Instrument Microstructure,Section 4.1,reports/phase2/figures/pca_hcci.png,Micrograph matrix,Optical variation,"774 (305 AsCast, 236 Q980_0h, 233 Q980_9h)",PASS,Micrograph acquisition instances across 67 settings
FIGURE,Figure 4,Self-Supervised Vision Transformer Representation Extraction,Section 5.3,src/models/dinov2_extractor.py,Schematic,"ViT-S/14, 384-d, 22.1M params",N/A,PASS,DINOv2 class token unit-sphere projection
FIGURE,Figure 5,Acquisition-Aware Contrastive Adaptation Architecture,Section 5.4,src/models/supcon_projector.py,Architecture & Matrix,2-layer MLP (384->128->128),"Batch 2N, tau=0.07",PASS,Same-acquisition masking explicitly illustrated
FIGURE,Figure 6,Multi-Baseline Retrieval Performance Comparison (B0-B7),Section 7.8,reports/phase7/figures/fig3_retrieval_comparison.png,"R@1, MRR, P@5",95% bootstrap CI over B=1000,212 held-out test,PASS,DINOv2 and adapted dominate B1-B2 and B5
FIGURE,Figure 7,Representation Geometry & Gap Compression,Section 7.3,reports/phase7/figures/fig4_acquisition_geometry.png,Cosine similarity KDE,Paired t-test t=34.8 p=1.42e-12,774 cross-pairs,PASS,Relative gap reduction 68.15% (0.1994 to 0.0635)
FIGURE,Figure 8,Multimodal Metadata Feature Ablation & Alpha Calibration,Section 7.4,reports/phase7/figures/fig5_metadata_calibration.png,"Recall@1, MRR vs alpha",Grid search alpha in [0.0 to 1.0],"135 val, 212 test",PASS,Monotonic increase peaking at alpha*=1.0 (visual)
FIGURE,Figure 9,Sequential 4-Stage Deduplication Cascade & Redundancy Graph,Section 7.5,reports/phase7/figures/fig6_duplicate_pr_curve.png,Sankey flow & Graph clusters,Precision 1.0000 FPR 0.0000,"245 synth, 774 natural",PASS,769 clusters: 764 singletons + 5 pairs (769 KEEP 5 REVIEW)
FIGURE,Figure 10,Multi-Attribute Quality-Risk ROC Curves,Section 7.6,reports/phase7/figures/fig7_quality_risk_roc.png,"ROC, AUPRC",AUROC=0.8803 AUPRC=0.9618,120 synthetic samples,PASS,8 quality risk indicators; noise sigma & defocus lead
FIGURE,Figure 11,Priority Triage Inspection Yield & Curation Workflow,Section 7.7,reports/phase7/figures/fig11_curation_queue_yield.png,Yield curve & UI wireframe,Precision@10=1.0 P@25=1.0,Top 50 queue,PASS,Quality-risk and novelty candidates concentrated
FIGURE,Figure 12,High-Throughput Vector Search Latency vs Corpus Scaling,Section 7.2,reports/phase7/figures/fig10_latency_vs_retention.png,"Latency (ms), QPS",1.99x speedup Recall@10=0.9998,"5,365 to 100,000",PASS,IndexFlatIP (0.7348 ms) vs IndexHNSWFlat (0.3691 ms)
TABLE,Table 1,Comprehensive Scientific Dataset Inventory & Access Governance,Section 4,reports/phase9/PHASE9_TABLES.md,"Image counts, sizes, licenses, DOIs",Governance tags,"774 hcci, 4591 carinthia",PASS,Explicit experimental unit note included
TABLE,Table 2,Leakage-Safe Dataset Partitioning & 10-Point Audit,Section 6.1,reports/phase9/PHASE9_TABLES.md,"Image count, setups, splits",10/10 audit checks,"427 train, 135 val, 212 test",PASS,Total 774 images across 67 setups
TABLE,Table 3,DINOv2 Visual Foundation Retrieval Baseline,Section 7.1,reports/phase2/tables/retrieval_hcci.csv,"R@1, R@5, R@10, MRR, P@5",95% bootstrap CIs,"774 hcci, 4591 carinthia",PASS,HCCI R@1=0.9819; Carinthia Micro-R@1=0.9952
TABLE,Table 4,Vector Similarity Search Performance & Latency Benchmark,Section 7.2,artifacts/phase3/benchmark_results.json,"Latency (ms), QPS, Speedup, Recall",M=32 efSearch=64,"N=5,365, d=384, K=10",PASS,IndexFlatIP 0.7348 ms; IndexHNSWFlat 0.3691 ms
TABLE,Table 5,Acquisition Invariance & Representation Geometry Adaptation,Section 7.3,data/processed/phase4/metrics/phase4_evaluation_results.json,"Within/Cross sim, Gap, Ratio, Probe",Multi-seed mean +/- SD (42 123 2024),N=774 cross-pairs,PASS,Gap: 0.1994 to 0.0635 (68.15% red); Probe: 98.71%
TABLE,Table 6,Multimodal Metadata Feature Group Ablation Matrix,Section 7.4,reports/phase5/tables/table_main_test_results.csv,"Test R@1, MRR, P@5, Delta R@1",Groups A through F,212 held-out test,PASS,Authoritative B5 MRR=0.3443 strictly; Delta R@1=0.0000
TABLE,Table 7,Duplicate Screening Benchmark on Synthetic Transformations,Section 7.5,reports/phase6/PHASE6_REPORT.md,"Precision, Recall, F1, FPR, TP, FP",4-stage strict cascade,"245 synth, 774 natural",PASS,Precision=1.0000 FPR=0.0000; 769 KEEP 5 REVIEW
TABLE,Table 8,Deterministic Image Quality Risk Indicators Benchmark,Section 7.6,reports/phase6/PHASE6_REPORT.md,"AUROC, AUPRC, Det@5% FPR",8 classical indicators,120 synthetic samples,PASS,Composite AUROC=0.8803 AUPRC=0.9618
TABLE,Table 9,Cross-Domain Embedding Separation & Domain Shift Benchmark,Section 7.7,reports/phase7/PHASE7_REPORT.md,"Centroid cosine dist, Zero-shot R@1",Domain shift tags,"427 train, 212 test, 4591 carinthia",PASS,Carinthia centroid separation = 0.5842
TABLE,Table 10,Unified Retrieval Benchmark on Held-Out Test Set,Section 7.8,reports/phase7/PHASE7_REPORT.md,"R@1, R@5, R@10, MRR, P@5, P@10",95% bootstrap CIs,212 held-out test,PASS,Baselines B0-B7 unified; Zeiss P@5=0.9053 vs 0.8708
TABLE,Table 11,Formal Claim-to-Evidence Traceability Matrix,Section 3.2,reports/phase9/PHASE9_TABLES.md,Claims C1 through C10,RQ1-RQ7 alignment,All experimental phases,PASS,Traceability to frozen artifacts confirmed
