claim_id,phase_introduced,claim_summary,primary_metric,baseline_metric,statistical_significance,empirical_status,key_limitations
CLAIM-RQ1,Phase 3-4,Self-supervised DINOv2 ViT-S/14 produces acquisition-robust SEM representations,R@1=0.9481; MRR=0.9658; P@5=0.8708,ResNet-50 R@1=0.9245; MRR=0.9542,p < 0.001 vs ResNet-50,SUPPORTED,Evaluated on in-domain ferrous metallurgy (HCCI)
CLAIM-RQ2,Phase 4,Supervised contrastive fine-tuning (SupCon) mitigates acquisition bias,Bias gap reduction: 68.15%,DINOv2 B3 gap reduction: 0.0%,p = 1.42e-12 (paired t-test),SUPPORTED_WITH_LIMITATIONS,Scoped strictly to same-specimen retrieval across detector/voltage variations
CLAIM-RQ3,Phase 5,FAISS HNSW sub-millisecond retrieval scales with high recall preservation,Latency: 0.096 ms (5k) to 0.317 ms (100k),Exact Flat latency: 4.82 ms,Recall@10 retention > 0.99,SUPPORTED,Evaluated on synthetic/in-domain index scaling up to 100k vectors
CLAIM-RQ4,Phase 5/9,Authoritative metadata-only retrieval achieves MRR 0.3443 on noisy logs,Authoritative Metadata MRR=0.3443396,Visual R@1=0.9481; MRR=0.9658,p < 0.001 metadata vs visual,SUPPORTED,Metadata alone cannot resolve fine-grained specimen identity without visual embeddings
CLAIM-RQ5,Phase 6,Unsupervised focus assessment flags defocused micrographs,Tenengrad/Laplacian Focus AUROC=0.8803; AUPRC=0.9618,Random AUROC=0.5000,p < 1e-8 vs random,SUPPORTED,0 exact duplicates on HCCI; 769 natural semantic clusters
CLAIM-RQ6,Phase 13,Multimodal fusion architectures outperform visual-only embeddings,Visual-only R@1=0.9481 vs Gated MLP R@1=0.5896,Visual-only R@1=0.9481,p < 0.001 (significant degradation),REFUTED_AND_DISCARDED,Hypothesis H1 refuted; multimodal fusion overfitted uncurated metadata
CLAIM-RQ7,Phase 13,Human-in-the-loop prioritization reduces expert curation inspection workload,Workload reduction 41.2%; finds 85.3% issues in top 50%,Random queue discovery 50.0%,Inter-rater Cohen kappa = 0.856,SUPPORTED,Requires calibrated thresholding to maintain recall
CLAIM-P19-01,Phase 19,Frozen DINOv2 transfers zero-shot to external SEM defect micrographs,Micro R@1=0.9952; Macro R@1=0.9090; MRR=0.9961,CLIP R@1=0.7840; ResNet-50 R@1=0.6420,p < 1e-15 vs CLIP / ResNet-50,SUPPORTED_WITH_LIMITATIONS,Extreme minority defect classes (N < 10) suffer representation sparsity (Class 5 R@1=0.7500)
CLAIM-P19-02,Phase 19,Cross-domain feature shift across microscopes and modalities is statistically significant,MMD^2=0.3842 (Defect SEM); MMD^2=0.5410 (TEM),Permutation null MMD^2=0.0012,p = 0.0001 (permutation test),SUPPORTED,Cross-modality transfer (SEM to TEM) requires supervised adapter fine-tuning
CLAIM-P19-03,Phase 19,External retrieval is robust to noise but breaks down under heavy optical blur,96.66% retention at noise sigma=0.05; 69.83% at blur sigma=3.0,Clean baseline Micro R@1=0.9952,p < 0.001 across perturbation steps,SUPPORTED_WITH_LIMITATIONS,Defocus blur beyond sigma=2.0 destroys high-frequency textural cues
CLAIM-P19-04,Phase 19,Perceptual duplicate screening and unsupervised quality screening transfer externally,Duplicate F1=0.9810; Focus AUROC=0.8640; OOD AUROC=0.8910,Random baseline AUROC=0.5000,p < 1e-8 across curation tasks,SUPPORTED,OOD false positive rate at 95% TPR is 24.50%; triage queue necessary
CLAIM-P19-05,Phase 19,Physical EDS microanalysis is validated on spectrometer hardware,Physical EDS: NOT_EXECUTED,Synthetic spectrum mock: Pass,N/A (Disclaimed),REFUTED_AS_PHYSICAL / SCOPED_SYNTHETIC_ONLY,Platform strictly disclaims physical EDS validation; synthetic stubs are for engineering tests only
