dimension,hcci_mean,hcci_std,carinthia_mean,carinthia_std
0,0.05246057,0.03253059,-0.0039800107,0.028707521
1,0.0066120797,0.024813903,-0.022818478,0.020441137
2,-0.0035145935,0.031319115,0.013302339,0.024724346
3,-0.050761156,0.040823184,-0.08488219,0.027262587
4,-0.06657294,0.035736147,-0.08558437,0.039744932
5,0.010876952,0.02048028,-0.0034878596,0.013974698
6,-0.04051879,0.04240187,-0.042542275,0.03377945
7,-0.048903704,0.025403611,-0.027557792,0.028316319
8,0.013558412,0.029703988,-0.013332118,0.032534048
9,-0.008923055,0.037901696,0.0952467,0.04149033
10,0.012490178,0.038165733,0.0460395,0.03301258
11,-0.0005365729,0.028672663,-0.026040655,0.024759447
12,-0.024766898,0.037965063,-0.043510504,0.034376018
13,-0.019508095,0.040811166,-0.010425606,0.029645585
14,-0.011019766,0.041131087,-0.07283595,0.023261847
15,0.044106275,0.043657973,-0.0027489713,0.032086246
16,-0.03175741,0.027511321,-0.057006743,0.025720997
17,-0.026115043,0.030415336,-0.0043716943,0.02714782
18,0.0033856523,0.026323244,-0.0076850653,0.02124078
19,0.048861034,0.03196923,0.038182486,0.030043641
20,-0.00018295825,0.035470594,0.014287809,0.023266364
21,0.08099631,0.033713236,-0.025730409,0.030728001
22,-0.011143421,0.027659414,-0.013839078,0.025024936
23,-0.020312339,0.02419826,0.019942297,0.018024357
24,0.012066531,0.028490443,0.032516617,0.02776249
25,0.012876284,0.029269544,-0.038123656,0.027678754
26,-0.0105380565,0.028533898,0.023129461,0.02659919
27,-0.03683127,0.027910654,-0.030625386,0.025352508
28,0.024241956,0.019666124,0.03411331,0.021246765
29,0.008480328,0.034004223,-0.07586803,0.031423446
30,-0.037624165,0.032348476,0.0110565815,0.02343993
31,-0.0099231405,0.03824257,0.06407021,0.031089846
32,-0.05499547,0.032998182,-0.052452315,0.034586925
33,-0.0035861987,0.036382258,0.10393057,0.041747358
34,0.0033585331,0.04493001,0.048370395,0.043439783
35,-0.05716383,0.03830968,-0.043383405,0.024599826
36,-0.057082713,0.029079475,-0.011803871,0.03706255
37,-0.035004552,0.032005303,0.044218875,0.02637873
38,-0.06160208,0.03958409,-0.012341722,0.038958896
39,0.059481703,0.03610457,0.01876525,0.03901027
40,0.021075549,0.036307164,-0.034809563,0.031483397
41,0.041460328,0.028968273,0.07345261,0.02939462
42,-0.01399771,0.035783045,-0.039039817,0.0289937
43,-0.017592348,0.042188928,0.022015585,0.03506893
44,0.014914659,0.027384264,0.03361808,0.025798632
45,-0.056978684,0.043135203,-0.006788789,0.024782747
46,-0.080178075,0.033177946,-0.041939985,0.039508604
47,-0.016960703,0.03143138,0.01563055,0.026300782
48,-0.026142104,0.033254005,-0.0026031996,0.040558357
49,0.002133326,0.03407092,0.10360687,0.03317116
50,-0.0038832915,0.03036463,0.020389836,0.031378374
51,0.017513536,0.034503967,0.03297035,0.026340941
52,0.035059314,0.040966418,-0.0058097388,0.035801984
53,0.032555357,0.034655437,0.0300123,0.033054747
54,0.034294948,0.03424362,-0.0294629,0.029487237
55,0.016032843,0.03615177,-0.08826382,0.027859546
56,0.004498611,0.038099676,-0.0052565704,0.03865212
57,0.021878531,0.030404188,0.014436287,0.025660163
58,-0.012416402,0.035380114,-0.022392115,0.0341192
59,-0.053996474,0.04102214,-0.015612729,0.027549054
60,0.053947132,0.029230565,0.023556037,0.031802494
61,-0.0006598099,0.027011314,-0.017191574,0.024235604
62,-0.032145377,0.028292984,0.012399712,0.02319233
63,0.034179423,0.0328818,0.043496512,0.025588503
64,-0.014759784,0.021590833,0.035385538,0.025333349
65,0.0046600956,0.03748025,0.024064912,0.028453572
66,0.04341976,0.036583677,-0.03785208,0.035764094
67,-0.0071410215,0.036621634,0.010192878,0.034615602
68,0.0646002,0.03203076,0.021205073,0.036056306
69,0.05669469,0.031639338,0.059878666,0.042086333
70,-0.028105255,0.04469609,-0.002570729,0.04286155
71,0.020896753,0.05510391,-0.01712365,0.024049725
72,-0.009138368,0.031637117,0.011225928,0.023854315
73,-0.0185793,0.033566423,-0.051048893,0.024482857
74,-0.060597803,0.02777067,-0.093452185,0.035045423
75,0.033698466,0.035108864,0.00093787967,0.027709143
76,-0.017124405,0.036402773,-0.020249683,0.03384395
77,-0.0020463984,0.032349344,-0.017796518,0.03590929
78,-0.04321751,0.033354696,-0.11340473,0.03832991
79,-0.030738741,0.020177914,-0.016798297,0.029404726
80,-0.0063101333,0.031087086,0.02477622,0.02890462
81,0.026352458,0.04091751,0.04603795,0.033566993
82,-0.036911756,0.028087083,-0.028138746,0.026635738
83,0.018302483,0.03824332,-0.015809605,0.03163385
84,-0.044481542,0.034995288,0.013316126,0.024597805
85,0.04796379,0.036478348,0.041387778,0.035559915
86,0.0054142145,0.02902499,0.045747664,0.027236564
87,0.06479186,0.029623013,-0.0015593573,0.02607987
88,-0.04596583,0.027798425,-0.01806082,0.026437439
89,0.01244309,0.025223535,-0.026416829,0.025468472
90,-0.016259793,0.033562962,0.058310557,0.026997974
91,-0.027999014,0.035341237,-0.076674625,0.02993985
92,0.033342827,0.04086648,0.058158115,0.029513657
93,0.00013466485,0.03600101,0.018914659,0.03141023
94,-0.0014587899,0.030194689,0.023641745,0.025556752
95,0.03790849,0.03093347,0.04288489,0.02717938
96,0.067130245,0.036268055,0.024847226,0.032474123
97,0.0851936,0.03684577,0.041612368,0.031797312
98,-0.085025474,0.04490625,-0.04992475,0.033275705
99,0.03449578,0.033629328,0.02679374,0.038219333
100,0.063325115,0.03372983,-0.002332916,0.02921464
101,0.049178805,0.048402917,-0.031610355,0.036064476
102,0.017422311,0.029394114,0.049759936,0.042091817
103,0.060623042,0.035933655,0.07090669,0.027777012
104,0.036830556,0.033733413,-0.017244773,0.034494296
105,-0.05462494,0.03925973,-0.03624365,0.032995183
106,-0.046708982,0.03816732,-0.061817028,0.039496228
107,0.012804291,0.038490366,-0.01392848,0.023990022
108,0.07706932,0.03426065,0.14556663,0.035584673
109,-0.0036172336,0.038245298,-0.030992312,0.030230856
110,0.063835286,0.028093258,0.050421,0.025339995
111,-0.021336604,0.037292276,0.017983548,0.03420223
112,-0.045079235,0.033229582,-0.055770032,0.033542555
113,-0.016209334,0.02908004,0.011572151,0.029081278
114,-0.046205472,0.030309584,-0.02217595,0.035084207
115,-0.05793226,0.033930272,-0.07391837,0.026204532
116,0.024942113,0.027473316,0.023271449,0.034600668
117,-0.04443639,0.03635652,0.017984249,0.028395226
118,-0.023754861,0.039557032,0.04177466,0.032995317
119,0.008768161,0.030054133,-0.00032252917,0.0228297
120,-0.03225749,0.03360799,-0.048224937,0.02527528
121,0.02987722,0.027414156,0.0835654,0.01988126
122,-0.011931304,0.030748794,-0.008954367,0.030070834
123,0.03330898,0.037160534,-0.0033089786,0.034381796
124,0.012643939,0.03326436,-0.012868618,0.029424697
125,0.015853524,0.026163893,0.007915174,0.024779735
126,0.043252714,0.03894749,0.035602275,0.030447245
127,0.032531675,0.03393736,-0.011068324,0.033017322
128,0.010993957,0.044229243,-0.0010041328,0.028623546
129,-0.08061306,0.03642036,0.017362084,0.03372169
130,-0.023609614,0.031122359,0.045374524,0.02806753
131,0.011259406,0.03500494,0.013868541,0.022040563
132,-0.029473986,0.035592914,-0.02560842,0.026222743
133,-0.054006133,0.031722512,-0.0026723945,0.024182726
134,-0.002437463,0.03836373,-0.029155359,0.022066142
135,0.025174173,0.03949929,-0.0044053476,0.031537637
136,-0.03692285,0.03427121,-0.032555677,0.02753776
137,-0.045820575,0.0501544,-0.06787341,0.03283718
138,0.052434325,0.038793482,0.091963105,0.024451913
139,0.0046925144,0.042345766,0.0011960305,0.036611293
140,0.0050420663,0.032264344,-0.0025965401,0.026979238
141,0.01832747,0.02876391,0.0132841915,0.024294807
142,-0.032627244,0.0335336,0.0168424,0.029508524
143,0.002420408,0.027688148,0.015306311,0.022058075
144,0.054487783,0.036098175,-0.011137496,0.030134996
145,0.0031397708,0.03992068,0.012802699,0.025410166
146,-0.0143685,0.035653226,-0.0014405346,0.028906856
147,-0.050516438,0.034257133,0.046388403,0.032259293
148,-0.012766125,0.03502446,-0.042368513,0.028699573
149,0.049017947,0.04466865,0.067768045,0.031981494
150,-0.03250844,0.03474875,0.004727901,0.025143582
151,-0.010847417,0.029646369,-0.028365012,0.021398863
152,-0.00021536683,0.03852365,0.025246486,0.024946399
153,-0.020186072,0.031189028,0.06778283,0.027242152
154,-0.0075196717,0.036079675,-0.016610786,0.023671139
155,-0.039459568,0.038293026,-0.0041758316,0.027620194
156,0.014657234,0.043406375,-0.007078222,0.036249094
157,0.024902886,0.041545417,0.002009391,0.025844874
158,-0.042335328,0.034712788,0.0174117,0.028433984
159,0.08067974,0.02791999,0.017528148,0.031322237
160,-0.03540859,0.033152208,-0.042354733,0.032569624
161,0.024391912,0.03796041,-0.014053902,0.02345288
162,0.029123513,0.036886197,0.013785154,0.023052204
163,0.038424473,0.03456374,0.03552932,0.030753361
164,0.017723635,0.038761415,-0.009138793,0.025127208
165,-0.0096867075,0.035911497,0.009270704,0.028698588
166,-0.015152241,0.027690915,0.0030504654,0.02821244
167,0.006110977,0.030750759,-0.009143503,0.022363339
168,-0.06331481,0.044797555,-0.050846487,0.035868824
169,-0.029258378,0.0382083,-0.072195634,0.030091679
170,0.05584329,0.040256865,0.07777531,0.028396897
171,-0.0086338725,0.03585594,0.024207639,0.028613972
172,-0.029316276,0.039656177,-0.029582255,0.03198504
173,0.0697656,0.032489903,0.06190755,0.028878106
174,0.0027523453,0.032910224,3.154235e-05,0.034932725
175,0.022055991,0.039562017,0.03198327,0.033781897
176,-0.0066026743,0.035278935,0.05731023,0.034011435
177,0.0011304813,0.042490292,-0.06830088,0.030168775
178,-0.049270343,0.032020003,-0.018914293,0.02858734
179,0.019706918,0.03751036,0.0071849064,0.045802083
180,0.03855501,0.029398875,-0.07271338,0.032019213
181,0.011713626,0.0303199,0.08355285,0.018943569
182,-0.038948204,0.037983015,0.0116816275,0.02970945
183,0.014570151,0.02947787,0.029186673,0.02232196
184,0.010446847,0.034762226,-0.039229788,0.037630208
185,-0.006400576,0.032096185,0.0032970193,0.029062884
186,-0.0035434521,0.036567252,0.09879032,0.0425918
187,-0.009736355,0.042204354,-0.017478682,0.029103676
188,0.015648058,0.021569623,0.006541233,0.019984983
189,-0.046534594,0.030336756,-0.0058450582,0.025438113
190,-0.022231298,0.03342329,0.019183716,0.025619173
191,0.0050297887,0.029858014,-0.06110954,0.02985981
192,0.00468016,0.029297285,-0.059766028,0.030250479
193,-0.019002493,0.03676401,0.014887224,0.024901427
194,-0.06752863,0.02953558,0.043968126,0.039210588
195,0.058755994,0.030463392,0.029244358,0.02193883
196,0.037137583,0.03604172,0.031264227,0.028898891
197,-0.08041489,0.032552376,-0.034884304,0.031234605
198,0.030369502,0.03513115,-0.041108403,0.025584849
199,0.02984532,0.030188255,-0.036099866,0.02009356
200,0.0036041716,0.030208398,0.012844326,0.03010979
201,0.018401984,0.03587831,0.00891875,0.028099332
202,0.11857092,0.042212613,0.034404214,0.034639727
203,0.040531795,0.031424984,0.008102505,0.021270022
204,0.039998613,0.03264556,-0.08757062,0.026190294
205,0.094657145,0.04189326,-0.031662893,0.045005172
206,0.014617165,0.036913767,-0.0004281262,0.026715526
207,-0.026468165,0.035166014,0.024559367,0.026881175
208,0.10484979,0.025844464,0.07101231,0.048946314
209,0.024208376,0.02620237,0.066856764,0.023597946
210,-0.026957085,0.041360103,0.007728193,0.027004698
211,-0.0143742785,0.027900932,-0.06159241,0.033193298
212,-0.016710484,0.028164858,-0.01042099,0.021928621
213,-0.032050822,0.032874685,-0.022842007,0.031592883
214,0.035508446,0.032946736,0.068323195,0.038959265
215,-0.037751917,0.03852457,0.019288907,0.031266276
216,-0.0012400371,0.03207814,0.03495293,0.022234669
217,-0.04057611,0.041602068,-0.0306861,0.030620387
218,-0.031608365,0.030679144,-0.03906896,0.029062591
219,0.08680027,0.02901662,0.10082604,0.030538253
220,-0.019224152,0.031567793,0.018499384,0.025577648
221,0.026912553,0.035901174,0.06666011,0.033741035
222,-0.010171473,0.03859188,0.02797968,0.046023212
223,0.018571377,0.032990374,-0.021652456,0.024831371
224,-0.041312642,0.03907418,-0.06809434,0.033421326
225,0.011260114,0.043545626,-0.003879663,0.030450813
226,0.00030008808,0.04024529,-0.0056840344,0.023700938
227,0.041654695,0.026789611,0.023660945,0.017566474
228,0.049295414,0.039086353,0.023761712,0.028243799
229,0.0011713364,0.030311717,0.013770862,0.026289608
230,0.015939504,0.029192366,0.024219181,0.025921261
231,0.012854092,0.035180252,0.015307886,0.030893104
232,0.013045659,0.03051867,-0.026769688,0.026127024
233,0.008796891,0.03429298,-0.07853801,0.03475967
234,-0.06649799,0.03341201,-0.024577774,0.030751714
235,-0.004592462,0.030028336,-0.035430733,0.03293702
236,0.03644546,0.030199857,-0.029667297,0.022394098
237,0.02884484,0.043268073,0.061033487,0.030589532
238,0.0052042315,0.0325865,-0.07046677,0.035999004
239,-0.045524262,0.03000101,0.03624658,0.031578675
240,0.018994194,0.019255994,7.1137154e-05,0.020149643
241,0.03242723,0.043681696,0.035222713,0.02854825
242,-0.0017209664,0.035396118,-0.06718865,0.038025446
243,0.0067173163,0.03103258,-0.0127203455,0.026900416
244,-0.03172957,0.03480533,0.0037435638,0.024223091
245,-0.036215786,0.029545965,0.035208356,0.02524327
246,0.039450485,0.02981179,0.0604429,0.020676661
247,-0.094271556,0.038800403,-0.010754803,0.034995344
248,-0.068009086,0.03141298,-0.03401784,0.03114306
249,0.039838742,0.042696938,0.0044610533,0.04275152
250,0.028253928,0.037249524,-0.008119461,0.02702146
251,-0.01479163,0.03847372,0.055448532,0.030196477
252,-0.06714573,0.03346997,-0.015780108,0.02980044
253,0.03147122,0.025227852,0.05971228,0.027884176
254,-0.008899706,0.037434686,-0.058717534,0.03371199
255,-0.012935212,0.038281865,-0.012916454,0.024003256
256,0.054762326,0.03291289,0.051818483,0.029800313
257,-0.0077175526,0.037968695,0.011882786,0.029768256
258,0.036321495,0.027639639,0.0028185481,0.025437329
259,0.03809799,0.03236998,0.03767006,0.022856811
260,0.06474174,0.044020817,0.010881017,0.027678495
261,0.00081334566,0.030848574,0.013170802,0.031334832
262,0.02604194,0.02501856,0.05396222,0.018819718
263,0.026729072,0.02505115,0.12042724,0.028800616
264,0.046395123,0.025548266,0.014066962,0.030143179
265,0.015463891,0.0310888,0.03565892,0.03619095
266,-0.03313434,0.032870106,0.018309923,0.034999076
267,-0.050398067,0.022481358,-0.039041504,0.032516684
268,-0.002289429,0.035301242,-0.050550655,0.03375356
269,-0.035891157,0.030387603,-0.05723739,0.027277613
270,-0.03258471,0.019614879,0.015108375,0.023838999
271,-0.009718133,0.034678794,0.017042179,0.029931843
272,0.025694894,0.034685563,0.01049024,0.032951936
273,0.011664021,0.045844786,-0.017439608,0.028008495
274,0.004955478,0.038443714,-0.011448263,0.028854998
275,0.025484433,0.0305696,-0.020171696,0.024821065
276,0.02209362,0.042712614,0.027342355,0.034656145
277,-0.03610378,0.040854268,-0.05534497,0.03415456
278,0.0023523248,0.015334217,0.024828646,0.013129176
279,0.00047974536,0.034659203,0.0260051,0.030186
280,0.003343032,0.025026105,-0.019720327,0.019864341
281,-0.041245826,0.03272946,-0.05265711,0.031839393
282,-0.03759653,0.04041343,0.042226855,0.04763564
283,-0.045921706,0.04571159,0.028977882,0.0259313
284,-0.054169904,0.039573587,0.016288333,0.025658173
285,-0.020192945,0.02999237,0.04853218,0.029165033
286,0.027071351,0.02903141,0.009919493,0.024704795
287,0.05769456,0.032582592,-0.012798433,0.028595055
288,-0.009436073,0.024701662,-0.005632802,0.019849962
289,-0.0070646727,0.044327322,-0.08704264,0.028682604
290,-0.059324,0.037218243,-0.058789294,0.030604484
291,-0.013154848,0.035284832,-0.016755674,0.021264257
292,0.06444448,0.040677093,0.066260904,0.02755516
293,0.032752883,0.044913247,0.08242095,0.047317162
294,0.0011634063,0.05061712,0.0035652132,0.033332963
295,-0.041673277,0.03960711,-0.10555565,0.036805164
296,-0.013529118,0.029342616,-0.007962189,0.029615073
297,0.005878504,0.04575083,-0.045766182,0.02938515
298,0.00392805,0.03144401,0.037442278,0.028521543
299,-0.0062082056,0.031131888,-0.015975436,0.026297733
300,0.029197922,0.04360105,0.028799865,0.033728406
301,-0.029295245,0.03288811,0.0363328,0.028649865
302,0.018300759,0.042958744,-0.0051791794,0.03523061
303,0.07184243,0.029847942,0.04356397,0.02671277
304,-0.0010081022,0.027843542,-0.023125043,0.035101525
305,0.025485719,0.038138766,-0.0064253286,0.031381
306,-0.024150467,0.029302359,-0.02923918,0.027497519
307,-0.004063437,0.028628942,0.019108899,0.021970065
308,0.035219453,0.027857881,0.029492904,0.02480621
309,-0.03224827,0.033680297,-0.002767641,0.03629961
310,-0.06764361,0.041609712,-0.057583638,0.033367895
311,0.053199496,0.030743038,-0.02585756,0.03606379
312,0.017046083,0.03666534,-0.0321277,0.03600625
313,-0.07237968,0.03249708,-0.06316214,0.024266362
314,-0.00969584,0.03338041,0.015385283,0.022512423
315,-0.030760089,0.030707635,-0.03193593,0.028323753
316,0.026482994,0.038047325,-0.06624345,0.032457285
317,0.028779956,0.032763064,0.03178677,0.024391597
318,-0.13452937,0.026537014,-0.087222815,0.020420354
319,-0.014772916,0.036307782,0.005701045,0.027567975
320,-0.044306565,0.033352304,0.04705143,0.03487439
321,-0.025503775,0.037546724,-0.06495957,0.028146753
322,0.001386506,0.034422934,0.000119009914,0.028246112
323,-0.0035683403,0.031411074,-0.038263902,0.022727562
324,-0.06367343,0.046836846,-0.041635614,0.026895054
325,-0.0016304968,0.024196165,-0.011484677,0.017101264
326,0.10837778,0.026790505,0.094180465,0.034796707
327,-0.047012012,0.030086946,-0.07207421,0.033908647
328,-0.008106368,0.02976072,-0.007916855,0.024358502
329,0.007365362,0.03478897,0.046605438,0.025989076
330,-0.05038725,0.042116445,0.044734567,0.03577015
331,0.01725216,0.035616226,-0.016451411,0.034402695
332,-0.005590432,0.028516036,0.007454126,0.02700128
333,-0.005965691,0.027654495,-0.03433519,0.024110602
334,0.07580375,0.04117352,-0.013335774,0.04216599
335,0.038908932,0.036895752,-0.016869146,0.030447586
336,0.0191699,0.032979187,0.036563635,0.028319044
337,0.012258275,0.03389596,-0.03941762,0.037291314
338,-0.02925719,0.024830036,0.010451881,0.021936273
339,0.035136957,0.031074371,-0.04807226,0.03489653
340,0.032245144,0.037246045,-0.025498444,0.03261417
341,-0.039820366,0.044615503,-0.010836384,0.0317955
342,-0.0021222224,0.04278237,0.03180493,0.030352714
343,0.04821755,0.038782723,0.02702097,0.03144295
344,-0.01169912,0.029932687,0.029687954,0.029717179
345,-0.004792538,0.029632838,0.020508645,0.02821832
346,0.04262527,0.034234308,-0.054758072,0.031277057
347,-0.018174626,0.035683267,-0.012469757,0.031071918
348,-0.024727145,0.031337127,-0.02621146,0.03045199
349,-0.023032442,0.04152432,0.04281129,0.026424736
350,0.009627404,0.03727477,-0.011170257,0.026516542
351,0.04568109,0.03689109,0.02774635,0.024348231
352,-0.05193843,0.052414175,-0.02356326,0.029941753
353,-0.035442997,0.033638548,0.015243721,0.019575134
354,-0.0053564534,0.028287558,-0.107899345,0.03553484
355,0.03711272,0.029958053,0.039093263,0.01978162
356,-0.08589637,0.03629579,-0.020923782,0.031896137
357,0.011832679,0.033717584,0.029141232,0.051045302
358,0.04286733,0.042509016,0.014220977,0.037766993
359,-0.00248012,0.028173888,0.034792792,0.029983545
360,-0.00016517831,0.028604578,0.010510433,0.031416334
361,0.033856776,0.034861486,0.06792488,0.032447644
362,0.015017865,0.041454066,0.046001464,0.029674264
363,-0.0082099615,0.042384543,-0.04244011,0.04176069
364,-0.02079851,0.02130485,0.0041435705,0.018962953
365,0.0074132155,0.036357354,-0.040277977,0.023867302
366,0.0113510005,0.03406775,-0.027071448,0.028457642
367,-0.020127505,0.031181622,0.015259776,0.030457854
368,0.05340721,0.03031439,0.007053568,0.023031147
369,0.0134639405,0.034587584,0.03307525,0.028793886
370,-0.0036932174,0.034436017,0.025653321,0.022843864
371,0.035544865,0.031276155,0.024867,0.030463442
372,-0.041080896,0.036273684,0.03531142,0.015961666
373,0.06124285,0.0358147,0.033720005,0.027568193
374,-0.0045954487,0.032820135,-0.016399555,0.025821393
375,0.004287929,0.030321,0.028407903,0.022567544
376,0.055114973,0.036704335,0.03916266,0.02531219
377,0.04062687,0.032696694,0.040671915,0.029033663
378,-0.0022124904,0.034588832,-0.035501607,0.032447428
379,0.009317804,0.01738533,0.029151207,0.016656162
380,-0.07003201,0.02614846,-0.053678818,0.036162842
381,0.010928154,0.033939637,0.016906066,0.030262217
382,-0.015779452,0.040091716,-0.039515667,0.03608356
383,0.058324493,0.03162137,0.035656393,0.020877339
