path,size,sha256,phase,status
artifacts/phase10/dataset_validation_report.json,3398,0ff97ca8f5d9e2da3d2c045892f90958fbdd340e35533b1302f7e27c6d00f0df,PHASE10,MATCHED
artifacts/phase6/duplicate_pairs.parquet,39468,4a64a43f567d720f00ab2834cd5ef02c4d4e142d1bce1ef8499ad06e87f5f16a,PHASE6,MATCHED
artifacts/phase6/integrated_profile.parquet,281701,776d22fccb173a43d2264cb47a485d86dff74b7ed025efc7c3c1374d96c7de5b,PHASE6,MATCHED
artifacts/phase6/phase6_results.json,25417,3f084a86132c79e88ac2f4074a283ccc57d19942f32900079815e49cb63b8d9e,PHASE6,MATCHED
artifacts/phase6/redundancy_summary.parquet,18669,d528aa40429fd1a7d2e1a9b32f643aee03d2905d0a71a8d353f7b74805598d8d,PHASE6,MATCHED
artifacts/phase6/review_queue.csv,11064,8b3f4bcc557cd21ef0aa486d4535a8ff907390a7c626451cb3533a42619b6c75,PHASE6,MATCHED
artifacts/phase6/review_queue.json,23337,71c0bf9df4411a8dccf5b22db6d6d65f98695a0adb9ac739240004de0e7ebbac,PHASE6,MATCHED
artifacts/phase7/MASTER_RESULTS.json,72030,16c879e78af5ce5db55dc96d079a39f4deba564b15e34aa4464bed788926d511,PHASE7,MATCHED
artifacts/phase7/dataset_registry.json,6285,6d64ffa06932e0a91752f6d5bfcb4e22645c13d6a00a1b914181bf1602374fe8,PHASE7,MATCHED
artifacts/phase7/environment_manifest.json,322,0d624d023c71622726ae63747663d128c6b0a27e120a56370d3e733e5cb8f785,PHASE7,MATCHED
artifacts/phase7/experiment_registry.json,21415,12eb9b51d2904fb3530957cd5fd1dfe27bb1d4dbb292b64cacd72dd7d6228f19,PHASE7,MATCHED
artifacts/phase7/frozen_checksums.json,126,22fb99770b4df3f749a4477d4b8ea546d3803099d21665914d232e657a0be6a2,PHASE7,MATCHED
artifacts/phase7/hardware_manifest.json,119,933c9f6437ced9cbe97b6355c6d23ca18e5027083b23a732f1a6ad157946b349,PHASE7,MATCHED
artifacts/phase7/leakage_audit.json,6048,f2e98a556821a73c2df24439d17950c2fcf0072cbc57153abac0468ac787683e,PHASE7,MATCHED
artifacts/phase7/pre_phase7_frozen_checksums.json,10566,5cef6c80b8a0ee83d09a74ececa5e399e6f06194456b57af32c46980a91e5cd9,PHASE7,MATCHED
artifacts/phase7/random_seed_manifest.json,158,8f478f26eba35840df8dc17bd65937e39517f17d4d33d3b70735ca780fe7564a,PHASE7,MATCHED
artifacts/phase7/statistical_results.json,1116,de73526ddebf7f6d3dda3df5331f190382ab438ac978a262c922a07039cb0796,PHASE7,MATCHED
artifacts/phase8/final_frozen_checksums.json,14083,5361b0df4ffa28bfd4fa537554d538b236df2122eda06c511eb81c660e2e9faa,PHASE8,MATCHED
artifacts/phase9/PHASE9_FINAL_MANUSCRIPT_CHECKSUMS.json,1948,3c1e84eb719e632d848fea0d70661c57ac751b283f8424a8789a284e689ef037,PHASE9,MATCHED
data/processed/phase4/checkpoints/best_checkpoint_seed42.pt,1780127,53ba60a317a140ceaebdf2e152dea88fd78f2a8bffbec378fc14c84010fd0e62,PHASE4,MATCHED
data/manifests/carinthia_manifest.csv,4086324,2a6d5cff3036356d568b2a7620fe6411cfdb4e9cb62da7193636ccf6e547dbc1,HISTORICAL,MATCHED
data/manifests/carinthia_manifest.parquet,1143318,40d4c957af8651547876898d74a22e9c24425c241c3753aaeb6359e60454a45f,HISTORICAL,MATCHED
data/manifests/dataset_versions.json,1072,406acd36266a7696ab8e06f9188e58375d19b24b4358e0daf484d20d86b9f84a,HISTORICAL,MATCHED
data/manifests/hcci_manifest.csv,990101,06eafa4e51e31cba2d88bdc41d3db2f492310f06fdeb5c961fc65962ad6f3735,HISTORICAL,MATCHED
data/manifests/hcci_manifest.parquet,171540,42339ff6f53b3e76617cb99876cf10a0d2ac95545f07b716ea9c84cc2ced3258,HISTORICAL,MATCHED
data/manifests/phase2_embedding_manifest.parquet,560961,698d83be5838ffcd143f8c7e45b838f13daf643d93581b0115e84c81f4b3613a,PHASE2_EMBEDDING_MANIFEST.PARQUET,MATCHED
data/processed/embeddings/carinthia_dinov2_vits14_embeddings.parquet,11599524,991eeedc73b14797417a702bfb85a156d89013696609cfe145d17bf067ba918d,HISTORICAL,MATCHED
data/processed/embeddings/hcci_dinov2_vits14_embeddings.parquet,2192791,3f35d364c39862956cf843d5a778ab2d62becf3e7c95b775bbd224de2e95a37b,HISTORICAL,MATCHED
data/processed/phase4/checkpoints/best_checkpoint_seed123.pt,3567931,391fd18c95599a6956018be60b6dc8780be4b8154b899f7807c1c3950a0a931f,PHASE4,MATCHED
data/processed/phase4/checkpoints/best_checkpoint_seed2024.pt,3567961,c5ebbc7187dd1e643fb4e59ee77b0ab4b49e8aacd9cb4647733a92258e0d8f7b,PHASE4,MATCHED
data/processed/phase4/checkpoints/best_checkpoint_seed42.pt,1780127,53ba60a317a140ceaebdf2e152dea88fd78f2a8bffbec378fc14c84010fd0e62,PHASE4,MATCHED
data/processed/phase4/embeddings/hcci_adapted_ablation_linear_head_seed42.parquet,1822468,590ba1de8845d45d67da0b9a36f724a4ca29552733469ae36f4e93fa8fbe50b8,PHASE4,MATCHED
data/processed/phase4/embeddings/hcci_adapted_ablation_standard_supcon_seed42.parquet,1822585,1e3d1c1252cc92eaa7fc0836e5b187f4f8c21e3c4c1498d1baeb178d0a0c8836,PHASE4,MATCHED
data/processed/phase4/embeddings/hcci_adapted_proposed_seed123.parquet,1822553,f1566e3d28c3cdebe25aa6db9834b6e6199f0d4cbb2e1fc04059d8f186f8ac28,PHASE4,MATCHED
data/processed/phase4/embeddings/hcci_adapted_proposed_seed2024.parquet,1822461,323c534abd8714e42001a9d6293d347bd2c095deff1512707aca811cce742927,PHASE4,MATCHED
data/processed/phase4/embeddings/hcci_adapted_proposed_seed42.parquet,1822722,2d528b6772bbe867ae30560575e94d95944dc989ab30ef6b4fc7ebd29e2d22c9,PHASE4,MATCHED
data/processed/phase4/metrics/phase4_evaluation_results.json,13710,35aba14d718a7032a47e080477870f3d625768455a97786fd098f60e5bf9aad2,PHASE4,MATCHED
data/processed/phase4/splits/hcci_instrument_splits.json,13111,bb81b268d241245b8fde478a0c201333cf3e7fed47e3c4d7410f40033b9b7727,PHASE4,MATCHED
data/processed/phase4/training_summary.json,1563,b5e8460500b588c92f76ddcf67af5a737cdc929e09de6087d17c76ff7e79fdfc,PHASE4,MATCHED
reports/final_audit/FINAL_CLAIM_EVIDENCE_GRAPH.json,5865,29880a0abe56999d3e92d397d20d001fd313b16bf7512431d3552a648b3508ca,HISTORICAL,MATCHED
reports/final_audit/FINAL_HISTORICAL_IMMUTABILITY_REPORT.md,2816,5d672b3baf9080a2476f804a91b72e1c158148b96d47f29fd080e1f9f1717a48,HISTORICAL,MATCHED
reports/final_audit/FINAL_NUMERICAL_CONSISTENCY_MATRIX.csv,5030,59a151a0c96dfc1261eb07909682ed285d116031e6a4a7c9d0c6e831ae09afe0,HISTORICAL,MATCHED
reports/final_audit/FINAL_PROJECT_COMPLETION_REPORT.md,14060,467db77109efb22c96f1884866ac871a004440b77d42c2c6141e09a0c78dfa7a,HISTORICAL,MATCHED
reports/phase13/PHASE13_EXPERIMENT_REGISTRY.csv,9517,4936c4c174c2882266e23d24d8fac5f591a3e3f4eca6d509035b9c61eb7d86f7,PHASE13,MATCHED
reports/phase13/PHASE13_PERFORMANCE_REPORT.md,3266,abfaabd82399a30676842b0022efc7b3a35626fb46722d48f279cc7ceb38bd76,PHASE13,MATCHED
reports/phase16/PHASE16_BASELINE_MANIFEST.csv,865,9b604233b7f6cd62a7aa44f69aa13794213ea62b9cb74c5d8adc68f4dda19c2f,PHASE16,MATCHED
reports/phase16/PHASE16_FINAL_REPORT.md,3682,66a85999549af5f0172e47c93cdd53bd3abe53948d2eb5ee156b24d80347b4d4,PHASE16,MATCHED
reports/phase16/PHASE16_VALIDATION_SUMMARY.json,1681,16b2e744ed0f5f703f2ac3236539715143bc302dd37726d331f2a17fcf2c08bc,PHASE16,MATCHED
reports/phase16_17/PHASE16_17_CHECKSUMS.json,7348,4b5f558578fa242ac4a063a98343474e958528f000239aafa8d4ffceed9cf273,PHASE16_17,MATCHED
reports/phase16_17/PHASE16_17_CLOSURE_REPORT.md,8380,e038403816a11e68725c0901be3753ef8c0e76eaec962cf9729a3625a7391e55,PHASE16_17,MATCHED
reports/phase17/PHASE17_CLAIM_LINTER_REPORT.md,706,6e70c8cd7f42c548df031f2b2da300fba45d657716cda05b73f4502be14665b4,PHASE17,MATCHED
reports/phase17/PHASE17_FAILURE_ANALYSIS_TAXONOMY.md,4355,1a38ce47bc34e18bd64b84cd5bb53ce3c7b57bef277736d859358cab988ded21,PHASE17,MATCHED
reports/phase17/PHASE17_VALIDATION_SUMMARY.json,1980,59adabfc175a9bd5129e3cea82fbad814aeb75ccf1d324634b2b7d0e3009faae,PHASE17,MATCHED
reports/phase6/PHASE6_DATA_AUDIT.md,3980,43ff41695e2aa1f95dc5e6968e5d5fb69712b43cdf8a25278766cbee8b5d1913,PHASE6,MATCHED
reports/phase6/PHASE6_REPORT.md,33510,ccf129c639ae9a838acc6c9a1c5ece3ae9b14ea46cf4ca2c3c69019d88288c8c,PHASE6,MATCHED
reports/phase6/figures/fig10_human_review_budget_yield.png,192944,64ff11c277092835483fe0d824ae26666656e156b32612e9d87cf508a47454d7,PHASE6,MATCHED
reports/phase6/figures/fig11_ablation_knn_k_sensitivity.png,182188,52937cbca2ab4ca8d566c193cdc0fb35d8d5188c8af8c50bb2be4fd1f4234163,PHASE6,MATCHED
reports/phase6/figures/fig12_runtime_efficiency_breakdown.png,147609,a315245b3d7664d4068c60d7c81ee5568bb9c77654f4556cd5dcf48888c4069d,PHASE6,MATCHED
reports/phase6/figures/fig1_duplicate_cascade_sankey.png,97366,5dcfdfbad72225e551a669e260103f81eb88a7a24c4f24e618a55c17c28de42e,PHASE6,MATCHED
reports/phase6/figures/fig2_synthetic_duplicate_roc.png,157529,ae9f29828564026fbe555636749cc221b8ccdd3d0a417a026de8cee963daf466,PHASE6,MATCHED
reports/phase6/figures/fig3_redundancy_graph_components.png,175569,4066bba11b8f06f25d660f6b7e53e697c30a06e4f02797d519cadf98e3d89b9a,PHASE6,MATCHED
reports/phase6/figures/fig4_quality_metrics_distribution.png,299401,e3ad56f7f80dd5ade272240e9e87c2efb9c9ba8602a69673b84d9318bd2feff4,PHASE6,MATCHED
reports/phase6/figures/fig5_synthetic_quality_anomaly_auroc.png,159235,52e768d2a2c4a315410e721a57a509764b27d31ee6b638859545754bcad9e482,PHASE6,MATCHED
reports/phase6/figures/fig6_novelty_score_distributions.png,129655,66cc68ce68c75ea37328b743e98096a7922493d716dabc988ed2c74de9f33b53,PHASE6,MATCHED
reports/phase6/figures/fig7_novelty_detector_correlation.png,188031,f84871c3c72ced06b9afc90997fb324f54363812f54f7fc075a17422ff119072,PHASE6,MATCHED
reports/phase6/figures/fig8_diagnostic_matrix_novelty_vs_quality.png,299027,2a9484928ae1491219323ab70c2f6642d8ceddce5e605da76a3034c27d3c15d0,PHASE6,MATCHED
reports/phase6/figures/fig9_diagnostic_matrix_redundancy_vs_novelty.png,103936,aaed44e65dfd5e7808bdc209e879ada133db2d3a21d4b7f7953602627a55aa7a,PHASE6,MATCHED
reports/phase6/pre_phase6_frozen_checksums.json,7887,c40a322a11a9b7a3a6c9b24e4ffeabaa77f66404837fd4e579096d51fc40f1af,PHASE6,MATCHED
reports/phase7/CLAIM_EVIDENCE_MATRIX.md,4651,0aa33b8e3291f67cbca20c4c01ebe407f6f4eb35d93c458d022c02ca6228998b,PHASE7,MATCHED
reports/phase7/LEAKAGE_AUDIT.md,6363,a823317fe03a520b391853d2a1d16a3311d019ada7e292efefb943729da65351,PHASE7,MATCHED
reports/phase7/PHASE7_REPORT.md,24838,861d1ef9c11a34c0b6ac251eebf2def10772ce5698d51c9538217f170f622b17,PHASE7,MATCHED
reports/phase7/RESEARCH_QUESTIONS.md,5964,526d30ce6c56c5530aa18047ce826340f8d40fcd3905036210046938df834549,PHASE7,MATCHED
reports/phase7/figures/fig10_latency_vs_retention.png,110366,17c1a36c51007369ee06e8b8e5613fdfeb8490feab5fc8ab2832ef93c77c7b0e,PHASE7,MATCHED
reports/phase7/figures/fig11_curation_queue_yield.png,106389,d1fcbc7b00e77b88ebe03488310b0f56b88e66c20cd2a296515a1ea8d1e71681,PHASE7,MATCHED
reports/phase7/figures/fig12_claim_evidence_topology.png,181541,19bf883c5e40080340b8732a52be45cd1a1b02aff0d36c998adfe7763639ec09,PHASE7,MATCHED
reports/phase7/figures/fig1_system_architecture.png,162094,ebbb25c39c5ff69ffc274d8bf3a031168ef400411cef1c4acfc34ed6ad3032b8,PHASE7,MATCHED
reports/phase7/figures/fig2_benchmark_topology.png,147956,79e025ae8de4e3b391169b1ed2f5f0e886bdbd3162b683fca8734f08fa6e0fd4,PHASE7,MATCHED
reports/phase7/figures/fig3_retrieval_comparison.png,143795,f0ec945050cec6c747de11519b402208a6efb1c1694291c42c878c6e0d0df3d9,PHASE7,MATCHED
reports/phase7/figures/fig4_acquisition_geometry.png,161472,02b75e18e1924bb91d16b8c0474bba9876bb0d682c5f8b22cc28ade740178c64,PHASE7,MATCHED
reports/phase7/figures/fig5_metadata_calibration.png,145270,e9fd265a01c07a16ba260acdcc82d558b9409017259101dbf2c076a3e2ca7c37,PHASE7,MATCHED
reports/phase7/figures/fig6_duplicate_pr_curve.png,168963,aebabcdc1ddfcbb3b08d6ed43ba32496ae7f4b849b57f00c75c6fd0bc1cc4d96,PHASE7,MATCHED
reports/phase7/figures/fig7_quality_risk_roc.png,303132,a1ad598fb4c96cfcd1cc0b0ecdf2e00865e765d0ef4b35f4e8ada148e4610394,PHASE7,MATCHED
reports/phase7/figures/fig8_novelty_domain_shift.png,99903,c678f501119c3ded781838d13e7621703c10a6caab750ef446c1e1ffd7039dc2,PHASE7,MATCHED
reports/phase7/figures/fig9_system_ablation.png,191689,15064692fa29f904fbb27389a2c51edbd6e97c8b50c5aefb05bbc3b7513784bd,PHASE7,MATCHED
reports/phase9/PHASE9_ABSTRACT.md,3750,fc104eea1fca51f12ae99e04988bce2c35b43753686fe8587a66cdd5d4ee27c1,PHASE9,MATCHED
reports/phase9/PHASE9_CLAIM_EVIDENCE_MAP.md,9711,b51633a269411da9076963c3267af12317a089d182d492083434555261682fd3,PHASE9,MATCHED
reports/phase9/PHASE9_CONCLUSION.md,4299,304d40be3909e5463cb31e9965706e267846da4b5c885c3311f04d3d6e224f88,PHASE9,MATCHED
reports/phase9/PHASE9_DISCUSSION.md,9743,3a99c0998cd432bdeffa234de6cc47166577a1e559d735cef9bb47757ae65069,PHASE9,MATCHED
reports/phase9/PHASE9_EXPERIMENTAL_PROTOCOL.md,11125,b8bc628bbd335745a6223c8e67a459a8cb1c3aba6e72eb84d85724c6f4c897d1,PHASE9,MATCHED
reports/phase9/PHASE9_FIGURE_SPECIFICATIONS.md,9449,f29bc4f3fc2b1dcafe5ea0fbe157a01c2c00fda897a55bf3d00f08bb67f44a81,PHASE9,MATCHED
reports/phase9/PHASE9_FINAL_RELEASE_AUDIT.md,14445,6ea6b660ad117a6b77ebc39e60afdebbf43fe3ab0a3b3294dd2b29f48083bac7,PHASE9,MATCHED
reports/phase9/PHASE9_INTRODUCTION.md,9223,e462ffce68cab6605a1fcdc73b26e514bbc67ea8e8c85167a28b5819687dc184,PHASE9,MATCHED
reports/phase9/PHASE9_LIMITATIONS.md,6401,0004ad2b9b5969b683e954fdd037ca66fa82b5053e05a03c99e29c1e0a9d13d1,PHASE9,MATCHED
reports/phase9/PHASE9_MANUSCRIPT_AUDIT.md,7960,b116bd4c8a805b4570011c3c00e71e74bef5dc7ac45210877b8a47e322491eab,PHASE9,MATCHED
reports/phase9/PHASE9_MASTER_MANUSCRIPT.md,55363,a78f8f696b992200ce70cbb1e93c422d76d0068c3c6112e3dae10d31b9d734bf,PHASE9,MATCHED
reports/phase9/PHASE9_METHODOLOGY.md,13916,89e0b1bcce073d3699eb047a7ea25427158050d3f8eec3de055e58e37c5de81c,PHASE9,MATCHED
reports/phase9/PHASE9_REFERENCE_PLAN.md,7870,1cb64a828ee40e22e63b0a4d534bc4dad1d8675ef1aa0d733de3b503e9f64226,PHASE9,MATCHED
reports/phase9/PHASE9_RELATED_WORK.md,8653,b764044680bbc366c882b9c9d1deab9c472ab35a00c5614208b4d68cdc46cbde,PHASE9,MATCHED
reports/phase9/PHASE9_REPRODUCIBILITY.md,5214,546266f0999b7020b11e8011c23b6908e9d5dbcf5a01ceeb69fac39c8c922938,PHASE9,MATCHED
reports/phase9/PHASE9_RESULTS.md,15929,49a885cefe528bbc8321e7114e1f1220603e1db60b57b043ae0d19f2d520488d,PHASE9,MATCHED
reports/phase9/PHASE9_TABLES.md,14669,a1fd42f7cfab89ca36eb8a391262306ca083e0292c9ccc7bf3cbfd06b0adaa38,PHASE9,MATCHED
reports/phase2/PHASE2_BASELINE_REPORT.md,14159,ae11b8338f72aa2a4d598cf0ab18a7d4f4c2cf583dae8e0021f4c5577e4c6ae5,PHASE2,MATCHED
reports/phase2/carinthia_evaluation_audit.json,1753,d39c3dcd189c812c32912a358dfcce31b2e29c7d2fd000f46744818f9c987964,PHASE2,MATCHED
reports/phase2/embedding_statistics.csv,20326,74404da74c7c55f64b24addbe8e8af93d26f2ed4f09ca84e75046242cd38d1e6,PHASE2,MATCHED
reports/phase2/embedding_statistics.json,721,de92d41c34c191ad3eae224de2d199cc66558cd35fd78406206903bdd932f629,PHASE2,MATCHED
reports/phase2/embedding_validation.json,772,8f4f046423a28eac3f49dc8a00324e7d4ab562b7e412f3c53c62410caa73e7bd,PHASE2,MATCHED
reports/phase2/figures/cosine_similarity_distribution.png,37503,5773cfcdb37e856f728e9a98454973a6a2a28bc5eec52004c9db55f118229da2,PHASE2,MATCHED
reports/phase2/figures/embedding_norm_distribution.png,34476,66dae7611b3421ce7894acd9a93127520b411a47a965b1b7375b8d89da6cdad1,PHASE2,MATCHED
reports/phase2/figures/pca_carinthia.png,171191,2cd18a6757a2d83022d127e26150bfa028d7012494e1d7c23d850237be750b51,PHASE2,MATCHED
reports/phase2/figures/pca_combined.png,195385,077948316f32bfa83415210e1bf64d713cd92882b66706a587f00000f730365c,PHASE2,MATCHED
reports/phase2/figures/pca_hcci.png,93752,17be71bc4dda48cf6cd383d72a0ef28c93a36419f03289ac3cd49e1e945a7712,PHASE2,MATCHED
reports/phase2/hcci_evaluation_audit.json,569,a6ef2334326fc11587a6302bf96317776d5a5a94ae52f1c1533c9ddbfd745fb6,PHASE2,MATCHED
reports/phase2/hcci_query_audit.csv,984457,1cf5f3c0c5ef40e960586ffc572e302780b967c548bf285516881449e8c3d9db,PHASE2,MATCHED
reports/phase2/tables/dataset_summary.csv,404,210d9cb09c9de4637c0c4a75a96a9f292ec4a3a32de8424fd29d5daffc1bbb89,PHASE2,MATCHED
reports/phase2/tables/embedding_summary.csv,170,5c7509c96c9820fc3cd716271ee2491409a67f99ebda96ab31823028bf53010c,PHASE2,MATCHED
reports/phase2/tables/retrieval_carinthia.csv,854,65371c6faaf8c5f668b9ee31eeef1243f79434f3c0dd7bab1c74922df7ab457c,PHASE2,MATCHED
reports/phase2/tables/retrieval_hcci.csv,317,fe8ffed43d6c7e39dd189d3e8de4efabb88de7272aadd7d1d39d1dde501b0ac6,PHASE2,MATCHED
reports/phase2/tables/runtime_summary.csv,302,598aae194e7a3a36cbfb12ec5e0c5a5f91f90b42243d01b91bd38c52093c67c8,PHASE2,MATCHED
reports/phase3/PHASE3_FAISS_REPORT.md,17662,8005209de98aa49606d9ccad0746c393bea63fce886bc8b3425fe05408039ea1,PHASE3,MATCHED
reports/phase3/benchmark_config.yaml,1030,873e13a77c98309b3357820cfc7c37f624909e53bdc459602002fe16af3c5e51,PHASE3,MATCHED
reports/phase3/carinthia_faiss_results.csv,2779,eb5b94cd1aba7fc691a7b79a6eb743853d82c78c17f3186385e436e5f82d2447,PHASE3,MATCHED
reports/phase3/exact_validation.json,1081,9eebd77a643008cd071f38cf6f344b56a623f132cf0f0661a46e4fb8d51405d6,PHASE3,MATCHED
reports/phase3/figures/index_size_comparison.png,30084,0cb2def8ffa3ef2c4cab9795bb206d0cfc29e9ae4b27a28297053578642ce636,PHASE3,MATCHED
reports/phase3/figures/recall_vs_efsearch.png,53315,71c941209882d06d5340e4a12ac6af921545aa22a4510cf8d1590892800a4fa5,PHASE3,MATCHED
reports/phase3/figures/recall_vs_latency.png,60577,48232d78e5153d3e5721148070ca404efc72c31172b873fdf3d2b010cd147556,PHASE3,MATCHED
reports/phase3/figures/recall_vs_nprobe.png,63916,0e7daf7daf85eaae2db3d05135bcfbd366571f01caeb4dbbeea52b01b4756811,PHASE3,MATCHED
reports/phase3/hcci_faiss_results.csv,2185,193c195f9ef99862a13daa09bfbbf98537e33f8349b7c4a6f04dd14ffff9ef86,PHASE3,MATCHED
reports/phase3/index_sizes.csv,1279,53bebf72a03c888dbd6474e69906f5a11661d0e45f4514b16695439e61d813f7,PHASE3,MATCHED
reports/phase3/latency_benchmark.csv,2608,366f60046fd38988fab61634a1f9c4cf8eb6e57d3dba70f2fb72f8df430c86ad,PHASE3,MATCHED
reports/phase3/synthetic_scaling_stress_test.csv,1082,1e2d53952f2b837393064a958cf1d4bd7edef2a6921a644ecf18a01f95fcd91e,PHASE3,MATCHED
reports/phase4/PHASE4_RELATIONSHIP_AUDIT.md,12870,c8a98151428789144bca17957b446834621b59813610787683cc514ea0f8523d,PHASE4,MATCHED
reports/phase4/PHASE4_REPORT.md,20292,1269db4f0e6ff227affaa0cf165ea67f6c24b7ce1fd4df781b23edb7cb5d96c3,PHASE4,MATCHED
reports/phase4/figures/cosine_similarity_distributions.png,126173,62b53a7b4aa74631c7ab92a513c8c241f840c4ac039b64fd0258efab3cd0eb68,PHASE4,MATCHED
reports/phase4/figures/pca_phase2_vs_phase4.png,1066987,5604eecfaf5aeb46288442ca84919909be1b220d9bf540f63b830a0c47aa36a9,PHASE4,MATCHED
reports/phase4/figures/retrieval_comparison.png,115641,398d99fee43eeebe65451ac7f63795a8a4cbfdf8ff3b4280a3b3f6cfb3b72f27,PHASE4,MATCHED
reports/phase5/PHASE5_DATA_AUDIT.md,7981,befdca0e740d240102a928c46dd3c7bc493170cc1746eaefa3407c183e8a8d04,PHASE5,MATCHED
reports/phase5/PHASE5_REPORT.md,20245,87d8461c91935bab0298c3da1570dc5582309aa0da7dcc182378caa5f473f51c,PHASE5,MATCHED
reports/phase5/figures/fig1_metadata_missingness.png,131165,d1f554a6d9e7e6d67a7ce785c7814cf62470be8a4b6a62e804cb43fee00c95d2,PHASE5,MATCHED
reports/phase5/figures/fig2_score_distributions.png,136666,00c8f3b9dc29601bfe6006f54c46bb83df11e7127b17366740d07a7e88d7c3db,PHASE5,MATCHED
reports/phase5/figures/fig3_validation_alpha_grid.png,162769,291d0306abd2fb462522c4b64bb2e65320702c2956a185acb467d04f809b2925,PHASE5,MATCHED
reports/phase5/figures/fig4_methods_comparison.png,123618,b44c6a78b9a4d84dd82a50d5d9b91f36f32ed682f47f461f5201ef6587a9eacd,PHASE5,MATCHED
reports/phase5/figures/fig5_phase4_hybrid_comparison.png,115049,ee7bbd13e5f54c12398d34ffe5f8c6f6150803ae718817fd5d6f12ac04339ea9,PHASE5,MATCHED
reports/phase5/figures/fig6_metadata_ablations.png,188662,2e8fe6b01616b93d48f31be6562a58441527f7e3e6c762e79fc994813bd3d116,PHASE5,MATCHED
reports/phase5/figures/fig7_cross_acquisition_confound.png,122332,708397fdf18b81dfa9187c6f0135a9005bc41fbdfa1759428a2f3fc6e3d37617,PHASE5,MATCHED
reports/phase5/tables/table_main_test_results.csv,1103,12bcf56c55e0bc6f5e86c7418de8a5c0e87e02c34d93635b6356cd425f6a9a62,PHASE5,MATCHED
