claim_id,claim_text,claim_type,phase,experiment,dataset,population,protocol,metric,result,supporting_artifact,artifact_hash,status,allowed_wording
CLM-001,"Phase-4 acquisition-aware adaptation reduces the observed acquisition-geometry similarity gap by 66.23% (0.2016 to 0.0681, p = 5.03e-36, dz = 2.19) under Protocol U.",DIRECTLY_MEASURED,Phase 3 / 6,Acquisition Robustness Benchmark,HCCI,212 test queries,Protocol U,Acquisition Gap Delta_geom,66.23% reduction (0.2016 -> 0.0681),research/results/phase6/representation_tradeoff.csv,45a4dbb9f81a3bed835c3fdef98ad885923ec17448703a4ba15550270d73367c,SUPPORTED,reduced the observed acquisition-geometry similarity gap under the evaluated protocol
CLM-002,Phase-4 adaptation achieves Recall@5 of 0.9921 and MRR of 0.5261 under Protocol U compared with 0.9858 and 0.5200 for frozen DINOv2.,DIRECTLY_MEASURED,Phase 2 / 6,Cross-Instrument Retrieval,HCCI,"212 test queries, 100 gallery",Protocol U,"Recall@5, MRR",R@5 = 0.9921 vs 0.9858; MRR = 0.5261 vs 0.5200,research/experiments/freeze1/retrieval_results.csv,83b276d8d7e060a618adc6590c5891300a4e28298c86c82747f00a3dccd7f361,SUPPORTED,improved retrieval Recall@5 under the evaluated unmasked distractor protocol
CLM-003,"Frozen DINOv2 ViT-S/14 exhibits superior sensitivity to controlled synthetic artifacts (Macro F1 = 0.6837, AUROC = 0.8582) compared with Phase-4 adaptation (Macro F1 = 0.6323, AUROC = 0.8230).",DIRECTLY_MEASURED,Phase 4 / 6,Controlled Artifact Screening,HCCI Synthetic Benchmark,"1,100 test micrographs",Synthetic Quality Screening,"Macro F1, AUROC, AUPRC",DINOv2 F1=0.6837 vs Phase-4 F1=0.6323 (+5.14% delta),research/results/phase6/quality_comparison.csv,45a4dbb9f81a3bed835c3fdef98ad885923ec17448703a4ba15550270d73367c,SUPPORTED,frozen DINOv2 remains preferable for the evaluated controlled artifact-screening objective
CLM-004,"A modular dual-representation architecture assigns DINOv2 to quality-risk screening and Phase-4 adaptation to retrieval, combining their specialized strengths without learned fusion.",ARCHITECTURAL_INTERPRETATION,Phase 6,Dual-Representation Composition,HCCI,Integrated test cohort,Phase 6 Integration Freeze 1,Inherited Macro F1 (0.6837) & R@5 (0.9921),Deterministic architectural composition,research/results/phase6/dual_representation_results.csv,e110106bb3562bebddb6c0eaf454e0860231914957b3bda3b4aeed694326220c,SUPPORTED,provides a deterministic composition of the independently evaluated specialized components
CLM-005,Model-derived spatial localization achieves mean IoU of 0.4454 and mean Dice of 0.5103 across 500 test micrographs with controlled spatial perturbations.,DIRECTLY_MEASURED,Phase 4 / 6,Spatial Localization Benchmark,HCCI Synthetic Benchmark,500 test micrographs (5 categories x 100),Patch Feature Residual Saliency,"Mean IoU, Mean Dice","IoU = 0.4454, Dice = 0.5103",research/results/phase6/localization_results.csv,9654223242ced3fe9b3633a28958d85139f38dd9fc5b355fc545aab089117b45,SUPPORTED,identifies model-derived suspicious regions on controlled synthetic perturbations
CLM-006,Uncertainty-aware abstention routes cases with confidence < 0.40 or normalized entropy > 0.75 to human specialist review rather than forcing an automated decision.,OPERATIONAL_OBSERVATION,Phase 5 / 6,Selective Abstention,HCCI Test Cohort,Controlled test subset,Threshold Configuration v1.0,Selective Accuracy & Coverage,Selective Accuracy = 1.0000 at tau = 0.80,research/results/phase6/uncertainty_results.csv,a1bc4b38041e670c291c2c6444a146cbd329d38b263ae9371999bf3b42be993a,SUPPORTED,routes low-confidence or high-uncertainty cases to human review rather than forcing an automated interpretation
CLM-007,"Within the evaluated N=55 query cohort, valid comparative evidence was returned for 100.0% of queries under the declared frozen retrieval protocol.",OPERATIONAL_OBSERVATION,Phase 6,Counterfactual Evidence Evaluation,HCCI Test Cohort,55 test micrographs,Evidence Aggregation Protocol,Evidence Availability Rate,"100.0% availability (0.0% duplicates, 0.0% missing provenance)",research/results/phase6/counterfactual_evidence_results.csv,225cac12cfa7180ca6446eb43b37ae05ab5835c30e19f18d1e1511598283dd23,SUPPORTED,"within the evaluated N=55 query cohort, the evidence layer returned at least one valid comparative micrograph for every query"
CLM-008,End-to-end serial pipeline latency averaged 23.4 ms/image (P95: 28.3 ms) under the declared benchmark environment.,DIRECTLY_MEASURED,Phase 6,System Latency Profiling,Benchmark Execution,55 serial queries,Latency Profiling Protocol,"Mean, Median, P95 Latency","Mean = 23.40 ms, Median = 22.71 ms, P95 = 28.30 ms",research/results/phase6/latency_results.csv,1a1b500848a1fe7225c523b2b5f6112459ae1f990d0d81b0c8887029bfcd0ca5,SUPPORTED,measured end-to-end latency was 23.4 ms/image (P95 28.3 ms) under the declared benchmark environment
CLM-009,"The evaluation guarantees universal generalization to completely unseen alloy systems or unstudied microscope modalities (TEM, AFM).",LIMITATION,Phase 1 / 7,Split Audit,HCCI,All splits,Partition Audit,Specimen Class Overlap,Specimen overlap across train/val/test = 100%,research/audits/DATASET_FREEZE_REPORT.md,Verified,UNSUPPORTED — EXCLUDE FROM PAPER,the evaluation does not establish unseen-specimen generalization or universal cross-modality robustness
CLM-010,Comparative evidence retrieval improves human scientist interpretation accuracy or decision correctness.,LIMITATION,Phase 6 / 7,Evidence Layer Review,None,No human reader cohort,N/A,Human Reader Accuracy,NOT MEASURED,research/results/phase6/PHASE6_INTEGRATED_EVALUATION_REPORT.md,6f991a95174e13e2fcefac921b35315788f3d6fed668cb14d0fa8034d88037b5,UNSUPPORTED — EXCLUDE FROM PAPER,human expert validation of interpretation improvement was not performed in this phase
