claim_id,claim,RQ,experiment,dataset,N,metric,result,evidence_path,scope,limitations,manuscript_location,status
C-01,DINOv2 ViT-S/14 baseline achieved higher R@1 and MRR than ImageNet-pretrained ResNet-50 on held-out Zeiss Gemini benchmark,RQ1,P13-EXP-01,Held-out Zeiss GeminiSEM test split,5577,R@1 and MRR,"R@1=0.9481 vs 0.9245 (+0.0236); MRR=0.9658 vs 0.9542 (+0.0116)",artifacts/phase13/resnet50_benchmark_results.json,Held-out Zeiss SEM split,"ResNet-50 achieved higher R@5 and R@10 (1.0000 vs 0.9906); patch localization not directly measured",Section 5.1 / Table 1,SUPPORTED_SCOPED
C-02,Supervised contrastive fine-tuning B4 delivers highest precision density at rank 5 (P@5),RQ1,P13-EXP-01,Held-out Zeiss GeminiSEM test split,5577,P@5,P@5=0.9053 vs ResNet-50 0.8670 (+0.0383),artifacts/phase13/resnet50_benchmark_results.json,Held-out Zeiss SEM split,Requires domain-labeled classes for contrastive adaptation,Section 5.1 / Table 1,SUPPORTED
C-03,Conditioning visual representations on instrument metadata degrades retrieval across linear and non-linear fusion architectures,RQ2,P13-EXP-03 & Phase 15,Held-out Zeiss GeminiSEM with 7 standardized metadata features,5577,R@1 and MRR,"Gated MLP R@1=0.5896, Cross-Attn R@1=0.6132 vs Visual R@1=0.9481 (-33.5% to -35.8%)",reports/phase15/PHASE15_MULTIMODAL_RESULTS.csv,Standardized SEM metadata,Failure mechanism is feature space confounding; causal physical interference not asserted,Section 5.2 / Table 2,CONFIRMED_NEGATIVE_RESULT
C-04,Unadapted self-supervised representations generalize strongly within SEM modality across industrial defect categories,RQ3,Phase 14 LOO Benchmark,Carinthia SEM Defect Archive,4591,Micro and Macro R@1,"Micro R@1=0.9952 (4569/4591), Macro R@1=0.9090 across 6 defect classes",reports/phase14/PHASE14_CROSS_DOMAIN_RESULTS.csv,Target industrial SEM domain,Minority classes exhibit lower recall due to class imbalance dilution (Class 5 R@1=0.7500),Section 5.3,SUPPORTED
C-05,Cross-modality transfer to biological TEM yields viable zero-shot retrieval that is restored upon supervised adaptation,RQ3,P13-EXP-04,OpenMicroscopy Bio-Image Public TEM Archive,1200,R@1,"Zero-shot R@1=0.7642, Fine-tuned R@1=0.9104 (+14.62% absolute improvement)",reports/phase14/PHASE14_CROSS_DOMAIN_RESULTS.csv,Cross-modality TEM,Preliminary biological subset; does not cover cryo-TEM or electron diffraction contrast,Section 5.3,SUPPORTED_WITH_LIMITATION
C-06,Latent Distance-to-Reference Centroid reliably discriminates retrieval correctness over raw score margin heuristic,RQ4,P13-EXP-09 & Phase 15,Held-out Zeiss GeminiSEM test queries,212,AUROC for correctness prediction,Latent distance AUROC=0.7412 vs Margin AUROC=0.5146 (+0.2266 delta),reports/phase15/PHASE15_UNCERTAINTY_RESULTS.csv,Dense self-supervised ViT representations,Raw score margin exhibits severe compression in cosine space,Section 5.4,SUPPORTED
C-07,Double-blind review across 100 triage events showed substantial inter-annotator agreement for expert-identified novelty and quality cases,RQ4,P13-EXP-08,Stratified review queue cohort from Carinthia and HCCI,100,Cohen's Kappa and Raw Agreement,"Kappa=0.842 (95% CI: [0.758 0.926]), Raw agreement=91.0%, Review duration=42.5s",reports/phase13/closure_audit/PHASE13_HUMAN_CURATION_EVIDENCE_AUDIT.md,100 stratified edge cases,Labels reflect post-hoc expert consensus rather than external physical ground truth,Section 5.4,SUPPORTED_SCOPED
C-08,AI review queue prioritization reduces expert curation effort for equivalent defect discovery by 41.2%,RQ4,Phase 15 Workflow Evaluation,Stratified review queue cohort,100,Cumulative Yield and Review Time,"Discovered 85.3% (58/68) actionable cases in top 50% of queue (35.4 min vs 60.2 min for FIFO)",reports/phase15/PHASE15_HUMAN_WORKFLOW_RESULTS.csv,Curator triage dashboard,Tested on 100-sample audited cohort,Section 5.4,SUPPORTED
C-09,Engineering stress test demonstrates sub-millisecond nearest neighbor search latency up to 100K vectors on host CPU hardware,Platform,P13-EXP-06,Synthetic replicated vector index based on DINOv2 embeddings,100000,Search Latency and Speedup,"FAISS HNSW latency=0.317ms at N=100K (15.64x speedup over brute-force flat search)",artifacts/phase13/scaling_benchmark_results.json,Vector index algorithm scaling,Evaluated on synthetic replicated embeddings on CPU; not a physical 100K microscopy archive,Section 3.2,SUPPORTED_SCOPED
C-10,Host platform passes 218 unit and integration tests while container runtime is truthfully reported as unexecuted,Platform,P13-EXP-10 & Phase 14,FastAPI and FAISS platform codebase,N/A,Pass rate and criteria pass count,218/218 tests passing natively; 14 of 15 hardening criteria passed; Docker status NOT_EXECUTED,reports/phase14/PHASE14_DOCKER_VALIDATION_REPORT.md,Platform software repository,Docker Desktop Linux daemon unavailable on host testing environment,Section 8.2,SUPPORTED_WITH_LIMITATION
