experiment_id,phase,RQ,hypothesis,dataset,split,model,seed,configuration,artifact_paths,primary_metric,expected_result,reproduction_command,status
EXP_RET_B0,PHASE2,RQ1,Validates [NATURAL DATA] for Uniform Random Ranking,hcci,held_out_test_zeiss,Uniform Random Ranking,42,configs/phase2.yaml,results:artifacts/phase7/master_results.json,MRR,"R@1=0.0013, MRR=0.0091",python scripts/reproduce/reproduce_retrieval.py --model random,FROZEN_VERIFIED
EXP_RET_B1,PHASE2,RQ1,"Validates [NATURAL DATA] for Perceptual Hash (pHash, 64-bit DCT)",hcci,held_out_test_zeiss,"Perceptual Hash (pHash, 64-bit DCT)",42,configs/phase2.yaml,results:artifacts/phase7/master_results.json,MRR,"R@1=0.0210, MRR=0.0489",python scripts/reproduce/reproduce_retrieval.py --model phash,FROZEN_VERIFIED
EXP_RET_B2,PHASE2,RQ1,"Validates [NATURAL DATA] for Difference Hash (dHash, 64-bit gradient)",hcci,held_out_test_zeiss,"Difference Hash (dHash, 64-bit gradient)",42,configs/phase2.yaml,results:artifacts/phase7/master_results.json,MRR,"R@1=0.0180, MRR=0.0421",python scripts/reproduce/reproduce_retrieval.py --model dhash,FROZEN_VERIFIED
EXP_RET_B3,PHASE2,RQ1,Validates [NATURAL DATA] for Frozen DINOv2 ViT-B/14 (Baseline Visual),hcci,held_out_test_zeiss,Frozen DINOv2 ViT-B/14 (Baseline Visual),42,configs/phase2.yaml,embeddings:data/processed/embeddings/dinov2_vitb14/hcci_embeddings.parquet;prior_audit:reports/phase2/hcci_evaluation_audit.json,MRR,"R@1=0.9819, MRR=0.9894",python scripts/reproduce/reproduce_retrieval.py --model dinov2,FROZEN_VERIFIED
EXP_RET_B4,PHASE4,RQ2,"Validates [NATURAL DATA] for Acquisition-Aware Representation Adapter (Phase 4, Multi-Seed)",hcci,held_out_test_zeiss,"Acquisition-Aware Representation Adapter (Phase 4, Multi-Seed)","42,123,2024",configs/phase4.yaml,checkpoints:models/checkpoints/phase4_seed*.pt;report:reports/phase4/PHASE4_REPORT.md,Cross-Condition Cosine Similarity,"Within=0.9199, Cross=0.8564, GapRed=68.15%","python scripts/reproduce/reproduce_adapter.py --seeds 42,123,2024",FROZEN_VERIFIED
EXP_RET_B5,PHASE5,RQ3,Validates [NATURAL DATA] for Metadata-Only Nearest Neighbor Retrieval,hcci,held_out_test_zeiss,Metadata-Only Nearest Neighbor Retrieval,42,configs/phase5.yaml,encoder:artifacts/phase5/metadata/metadata_encoder_groupE.json;results:artifacts/phase5/metrics/phase5_results.json,MRR,"R@1=0.3349, MRR=0.3443",python scripts/reproduce/reproduce_metadata.py --mode metadata_only,FROZEN_VERIFIED
EXP_RET_B6,PHASE5,RQ3,Validates [NATURAL DATA] for DINOv2 + Metadata Late Fusion (Phase 5),hcci,held_out_test_zeiss,DINOv2 + Metadata Late Fusion (Phase 5),42,configs/phase5.yaml,results:artifacts/phase5/metrics/phase5_results.json;alpha_selection:artifacts/phase5/metrics/alpha_selection_validation.json,MRR,"R@1=0.9819, MRR=0.9894 (Delta=0.0)",python scripts/reproduce/reproduce_metadata.py --mode dinov2_fusion,FROZEN_VERIFIED
EXP_RET_B7,PHASE5,RQ3,"Validates [NATURAL DATA] for Phase 4 Adapted + Metadata Late Fusion (Phase 5, Multi-Seed)",hcci,held_out_test_zeiss,"Phase 4 Adapted + Metadata Late Fusion (Phase 5, Multi-Seed)","42,123,2024",configs/phase5.yaml,results:artifacts/phase5/metrics/phase5_results.json,MRR,Adapted+Meta MRR=0.9631,python scripts/reproduce/reproduce_metadata.py --mode adapted_fusion,FROZEN_VERIFIED
EXP_ACQ_ROB,PHASE4,RQ2,Validates [NATURAL DATA] for Acquisition Robustness Analysis (DINOv2 vs. Phase 4 Adapted),hcci,cross_acquisition_disjoint,Acquisition Robustness Analysis (DINOv2 vs. Phase 4 Adapted),"42,123,2024",configs/phase4.yaml,report:reports/phase4/PHASE4_REPORT.md,Cross-Condition Similarity,Cross-Condition Cosine Similarity +0.2585,python scripts/reproduce/reproduce_adapter.py --eval-robustness,FROZEN_VERIFIED
EXP_META_ABL,PHASE5,RQ3,Validates [NATURAL DATA] for Controlled Metadata Feature Group Ablation (Groups A-F),hcci,held_out_test_zeiss,Controlled Metadata Feature Group Ablation (Groups A-F),42,configs/phase5.yaml,results:artifacts/phase5/metrics/phase5_results.json,Delta MRR,Alpha=1.0 optimal across all groups,python scripts/reproduce/reproduce_metadata.py --ablate-features,FROZEN_VERIFIED
EXP_DUP_SYN,PHASE6,RQ4,Validates [CONTROLLED SYNTHETIC BENCHMARK] for Classical and Learned Duplicate Detection Benchmark,hcci_synthetic,controlled_synthetic_ground_truth,Classical and Learned Duplicate Detection Benchmark,42,configs/phase6.yaml,results:artifacts/phase6/phase6_results.json,AUROC,"AUROC=0.9998, AUPRC=0.9999",python scripts/reproduce/reproduce_curation.py --task duplicate,FROZEN_VERIFIED
EXP_RED_NAT,PHASE6,RQ4,Validates [NATURAL DATA] for Natural Redundancy Graph Connected Components,hcci,full_corpus,Natural Redundancy Graph Connected Components,42,configs/phase6.yaml,redundancy_summary:artifacts/phase6/redundancy_summary.parquet;duplicate_pairs:artifacts/phase6/duplicate_pairs.parquet;results:artifacts/phase6/phase6_results.json,Cluster Count,"769 clusters (764 singletons, 5 pairs of size 2)",python scripts/reproduce/reproduce_curation.py --task redundancy_graph,FROZEN_VERIFIED
EXP_QUAL_SYN,PHASE6,RQ4,Validates [CONTROLLED SYNTHETIC BENCHMARK] for Image-Derived Quality-Risk Indicators Benchmark,hcci_synthetic_degradations,controlled_synthetic_ground_truth,Image-Derived Quality-Risk Indicators Benchmark,42,configs/phase6.yaml,results:artifacts/phase6/phase6_results.json,AUROC,"AUROC=0.8803, AUPRC=0.9618",python scripts/reproduce/reproduce_curation.py --task quality,FROZEN_VERIFIED
EXP_NOV_OUT,PHASE6,RQ5,Validates [EXTERNAL DOMAIN SHIFT] for Novelty & Outlier Detection Benchmark,hcci_carinthia_synthetic,synthetic_and_external_domain_shift,Novelty & Outlier Detection Benchmark,42,configs/phase6.yaml,results:artifacts/phase6/phase6_results.json,AUROC,AUROC=0.8412 on synthetic outliers,python scripts/reproduce/reproduce_curation.py --task novelty,FROZEN_VERIFIED
EXP_REV_QUE,PHASE6,RQ6,Validates [ENGINEERING MEASUREMENT] for Reproducible Triage & Review Queue Evaluation,hcci_and_synthetic,controlled_synthetic_and_natural_review_queue,Reproducible Triage & Review Queue Evaluation,42,configs/phase6.yaml,review_queue_json:artifacts/phase6/review_queue.json;review_queue_csv:artifacts/phase6/review_queue.csv;results:artifacts/phase6/phase6_results.json,Precision@10,Precision@10=1.0000 on synthetic triage,python scripts/reproduce/reproduce_curation.py --task review_queue,FROZEN_VERIFIED
EXP_DOM_SHFT,PHASE6,RQ5,Validates [EXTERNAL DOMAIN SHIFT] for Cross-Domain Representation & Shift Analysis,carinthia_vs_hcci,cross_dataset_domain_shift,Cross-Domain Representation & Shift Analysis,42,configs/phase6.yaml,carinthia_audit:reports/phase2/carinthia_evaluation_audit.json;faiss_carinthia:reports/phase3/carinthia_faiss_results.csv,Mean Cosine Distance,Cosine shift to Carinthia defect domain,python scripts/reproduce/reproduce_curation.py --task domain_shift,FROZEN_VERIFIED
EXP_ABL_MAT,PHASE7,RQ1_to_RQ6,Validates [ENGINEERING MEASUREMENT] for Master 7-Stage Incremental System Ablation,hcci,unified_full_corpus,Master 7-Stage Incremental System Ablation,42,configs/phase7.yaml,profile:artifacts/phase6/integrated_profile.parquet;master_results:artifacts/phase7/master_results.json,Retrieval & Curation Metrics,7-Stage component ablation validated,python scripts/reproduce/reproduce_ablation.py,FROZEN_VERIFIED
EXP_REP_AUD,PHASE7,RQ7,Validates [ENGINEERING MEASUREMENT] for Automated Reproducibility and Immutability Audit,all_registered,all,Automated Reproducibility and Immutability Audit,42,configs/phase7.yaml,checksums:artifacts/phase7/pre_phase7_frozen_checksums.json;master_results:artifacts/phase7/master_results.json,Cryptographic Integrity Pass Rate,110/110 frozen research artifacts byte-for-byte verified,python scripts/reproduce/validate_release.py --verify-only,FROZEN_VERIFIED
